-- MySQL dump 10.19  Distrib 10.3.39-MariaDB, for debian-linux-gnu (x86_64)
--
-- Host: 127.0.0.1    Database: ojs
-- ------------------------------------------------------
-- Server version	11.6.2-MariaDB-ubu2404

/*!40101 SET @OLD_CHARACTER_SET_CLIENT=@@CHARACTER_SET_CLIENT */;
/*!40101 SET @OLD_CHARACTER_SET_RESULTS=@@CHARACTER_SET_RESULTS */;
/*!40101 SET @OLD_COLLATION_CONNECTION=@@COLLATION_CONNECTION */;
/*!40101 SET NAMES utf8mb4 */;
/*!40103 SET @OLD_TIME_ZONE=@@TIME_ZONE */;
/*!40103 SET TIME_ZONE='+00:00' */;
/*!40014 SET @OLD_UNIQUE_CHECKS=@@UNIQUE_CHECKS, UNIQUE_CHECKS=0 */;
/*!40014 SET @OLD_FOREIGN_KEY_CHECKS=@@FOREIGN_KEY_CHECKS, FOREIGN_KEY_CHECKS=0 */;
/*!40101 SET @OLD_SQL_MODE=@@SQL_MODE, SQL_MODE='NO_AUTO_VALUE_ON_ZERO' */;
/*!40111 SET @OLD_SQL_NOTES=@@SQL_NOTES, SQL_NOTES=0 */;

--
-- Table structure for table `access_keys`
--

DROP TABLE IF EXISTS `access_keys`;
/*!40101 SET @saved_cs_client     = @@character_set_client */;
/*!40101 SET character_set_client = utf8 */;
CREATE TABLE `access_keys` (
  `access_key_id` bigint(20) NOT NULL AUTO_INCREMENT,
  `context` varchar(40) NOT NULL,
  `key_hash` varchar(40) NOT NULL,
  `user_id` bigint(20) NOT NULL,
  `assoc_id` bigint(20) DEFAULT NULL,
  `expiry_date` datetime NOT NULL,
  PRIMARY KEY (`access_key_id`),
  KEY `access_keys_hash` (`key_hash`,`user_id`,`context`)
) ENGINE=InnoDB DEFAULT CHARSET=utf8mb3 COLLATE=utf8mb3_general_ci;
/*!40101 SET character_set_client = @saved_cs_client */;

--
-- Dumping data for table `access_keys`
--

LOCK TABLES `access_keys` WRITE;
/*!40000 ALTER TABLE `access_keys` DISABLE KEYS */;
/*!40000 ALTER TABLE `access_keys` ENABLE KEYS */;
UNLOCK TABLES;

--
-- Table structure for table `announcement_settings`
--

DROP TABLE IF EXISTS `announcement_settings`;
/*!40101 SET @saved_cs_client     = @@character_set_client */;
/*!40101 SET character_set_client = utf8 */;
CREATE TABLE `announcement_settings` (
  `announcement_id` bigint(20) NOT NULL,
  `locale` varchar(14) NOT NULL DEFAULT '',
  `setting_name` varchar(255) NOT NULL,
  `setting_value` text DEFAULT NULL,
  `setting_type` varchar(6) DEFAULT NULL,
  UNIQUE KEY `announcement_settings_pkey` (`announcement_id`,`locale`,`setting_name`),
  KEY `announcement_settings_announcement_id` (`announcement_id`)
) ENGINE=InnoDB DEFAULT CHARSET=utf8mb3 COLLATE=utf8mb3_general_ci;
/*!40101 SET character_set_client = @saved_cs_client */;

--
-- Dumping data for table `announcement_settings`
--

LOCK TABLES `announcement_settings` WRITE;
/*!40000 ALTER TABLE `announcement_settings` DISABLE KEYS */;
/*!40000 ALTER TABLE `announcement_settings` ENABLE KEYS */;
UNLOCK TABLES;

--
-- Table structure for table `announcement_type_settings`
--

DROP TABLE IF EXISTS `announcement_type_settings`;
/*!40101 SET @saved_cs_client     = @@character_set_client */;
/*!40101 SET character_set_client = utf8 */;
CREATE TABLE `announcement_type_settings` (
  `type_id` bigint(20) NOT NULL,
  `locale` varchar(14) NOT NULL DEFAULT '',
  `setting_name` varchar(255) NOT NULL,
  `setting_value` text DEFAULT NULL,
  `setting_type` varchar(6) NOT NULL,
  UNIQUE KEY `announcement_type_settings_pkey` (`type_id`,`locale`,`setting_name`),
  KEY `announcement_type_settings_type_id` (`type_id`)
) ENGINE=InnoDB DEFAULT CHARSET=utf8mb3 COLLATE=utf8mb3_general_ci;
/*!40101 SET character_set_client = @saved_cs_client */;

--
-- Dumping data for table `announcement_type_settings`
--

LOCK TABLES `announcement_type_settings` WRITE;
/*!40000 ALTER TABLE `announcement_type_settings` DISABLE KEYS */;
/*!40000 ALTER TABLE `announcement_type_settings` ENABLE KEYS */;
UNLOCK TABLES;

--
-- Table structure for table `announcement_types`
--

DROP TABLE IF EXISTS `announcement_types`;
/*!40101 SET @saved_cs_client     = @@character_set_client */;
/*!40101 SET character_set_client = utf8 */;
CREATE TABLE `announcement_types` (
  `type_id` bigint(20) NOT NULL AUTO_INCREMENT,
  `assoc_type` smallint(6) NOT NULL,
  `assoc_id` bigint(20) NOT NULL,
  PRIMARY KEY (`type_id`),
  KEY `announcement_types_assoc` (`assoc_type`,`assoc_id`)
) ENGINE=InnoDB DEFAULT CHARSET=utf8mb3 COLLATE=utf8mb3_general_ci;
/*!40101 SET character_set_client = @saved_cs_client */;

--
-- Dumping data for table `announcement_types`
--

LOCK TABLES `announcement_types` WRITE;
/*!40000 ALTER TABLE `announcement_types` DISABLE KEYS */;
/*!40000 ALTER TABLE `announcement_types` ENABLE KEYS */;
UNLOCK TABLES;

--
-- Table structure for table `announcements`
--

DROP TABLE IF EXISTS `announcements`;
/*!40101 SET @saved_cs_client     = @@character_set_client */;
/*!40101 SET character_set_client = utf8 */;
CREATE TABLE `announcements` (
  `announcement_id` bigint(20) NOT NULL AUTO_INCREMENT,
  `assoc_type` smallint(6) DEFAULT NULL,
  `assoc_id` bigint(20) NOT NULL,
  `type_id` bigint(20) DEFAULT NULL,
  `date_expire` date DEFAULT NULL,
  `date_posted` datetime NOT NULL,
  PRIMARY KEY (`announcement_id`),
  KEY `announcements_assoc` (`assoc_type`,`assoc_id`)
) ENGINE=InnoDB DEFAULT CHARSET=utf8mb3 COLLATE=utf8mb3_general_ci;
/*!40101 SET character_set_client = @saved_cs_client */;

--
-- Dumping data for table `announcements`
--

LOCK TABLES `announcements` WRITE;
/*!40000 ALTER TABLE `announcements` DISABLE KEYS */;
/*!40000 ALTER TABLE `announcements` ENABLE KEYS */;
UNLOCK TABLES;

--
-- Table structure for table `auth_sources`
--

DROP TABLE IF EXISTS `auth_sources`;
/*!40101 SET @saved_cs_client     = @@character_set_client */;
/*!40101 SET character_set_client = utf8 */;
CREATE TABLE `auth_sources` (
  `auth_id` bigint(20) NOT NULL AUTO_INCREMENT,
  `title` varchar(60) NOT NULL,
  `plugin` varchar(32) NOT NULL,
  `auth_default` smallint(6) NOT NULL DEFAULT 0,
  `settings` text DEFAULT NULL,
  PRIMARY KEY (`auth_id`)
) ENGINE=InnoDB DEFAULT CHARSET=utf8mb3 COLLATE=utf8mb3_general_ci;
/*!40101 SET character_set_client = @saved_cs_client */;

--
-- Dumping data for table `auth_sources`
--

LOCK TABLES `auth_sources` WRITE;
/*!40000 ALTER TABLE `auth_sources` DISABLE KEYS */;
/*!40000 ALTER TABLE `auth_sources` ENABLE KEYS */;
UNLOCK TABLES;

--
-- Table structure for table `author_settings`
--

DROP TABLE IF EXISTS `author_settings`;
/*!40101 SET @saved_cs_client     = @@character_set_client */;
/*!40101 SET character_set_client = utf8 */;
CREATE TABLE `author_settings` (
  `author_id` bigint(20) NOT NULL,
  `locale` varchar(14) NOT NULL DEFAULT '',
  `setting_name` varchar(255) NOT NULL,
  `setting_value` text DEFAULT NULL,
  UNIQUE KEY `author_settings_pkey` (`author_id`,`locale`,`setting_name`),
  KEY `author_settings_author_id` (`author_id`)
) ENGINE=InnoDB DEFAULT CHARSET=utf8mb3 COLLATE=utf8mb3_general_ci;
/*!40101 SET character_set_client = @saved_cs_client */;

--
-- Dumping data for table `author_settings`
--

LOCK TABLES `author_settings` WRITE;
/*!40000 ALTER TABLE `author_settings` DISABLE KEYS */;
/*!40000 ALTER TABLE `author_settings` ENABLE KEYS */;
UNLOCK TABLES;

--
-- Table structure for table `authors`
--

DROP TABLE IF EXISTS `authors`;
/*!40101 SET @saved_cs_client     = @@character_set_client */;
/*!40101 SET character_set_client = utf8 */;
CREATE TABLE `authors` (
  `author_id` bigint(20) NOT NULL AUTO_INCREMENT,
  `email` varchar(90) NOT NULL,
  `include_in_browse` smallint(6) NOT NULL DEFAULT 1,
  `publication_id` bigint(20) NOT NULL,
  `seq` double(8,2) NOT NULL DEFAULT 0.00,
  `user_group_id` bigint(20) DEFAULT NULL,
  PRIMARY KEY (`author_id`),
  KEY `authors_publication_id` (`publication_id`)
) ENGINE=InnoDB DEFAULT CHARSET=utf8mb3 COLLATE=utf8mb3_general_ci;
/*!40101 SET character_set_client = @saved_cs_client */;

--
-- Dumping data for table `authors`
--

LOCK TABLES `authors` WRITE;
/*!40000 ALTER TABLE `authors` DISABLE KEYS */;
/*!40000 ALTER TABLE `authors` ENABLE KEYS */;
UNLOCK TABLES;

--
-- Table structure for table `categories`
--

DROP TABLE IF EXISTS `categories`;
/*!40101 SET @saved_cs_client     = @@character_set_client */;
/*!40101 SET character_set_client = utf8 */;
CREATE TABLE `categories` (
  `category_id` bigint(20) NOT NULL AUTO_INCREMENT,
  `context_id` bigint(20) NOT NULL,
  `parent_id` bigint(20) NOT NULL,
  `seq` bigint(20) DEFAULT NULL,
  `path` varchar(255) NOT NULL,
  `image` text DEFAULT NULL,
  PRIMARY KEY (`category_id`),
  UNIQUE KEY `category_path` (`context_id`,`path`),
  KEY `category_context_id` (`context_id`,`parent_id`)
) ENGINE=InnoDB DEFAULT CHARSET=utf8mb3 COLLATE=utf8mb3_general_ci;
/*!40101 SET character_set_client = @saved_cs_client */;

--
-- Dumping data for table `categories`
--

LOCK TABLES `categories` WRITE;
/*!40000 ALTER TABLE `categories` DISABLE KEYS */;
/*!40000 ALTER TABLE `categories` ENABLE KEYS */;
UNLOCK TABLES;

--
-- Table structure for table `category_settings`
--

DROP TABLE IF EXISTS `category_settings`;
/*!40101 SET @saved_cs_client     = @@character_set_client */;
/*!40101 SET character_set_client = utf8 */;
CREATE TABLE `category_settings` (
  `category_id` bigint(20) NOT NULL,
  `locale` varchar(14) NOT NULL DEFAULT '',
  `setting_name` varchar(255) NOT NULL,
  `setting_value` text DEFAULT NULL,
  `setting_type` varchar(6) NOT NULL COMMENT '(bool|int|float|string|object)',
  UNIQUE KEY `category_settings_pkey` (`category_id`,`locale`,`setting_name`)
) ENGINE=InnoDB DEFAULT CHARSET=utf8mb3 COLLATE=utf8mb3_general_ci;
/*!40101 SET character_set_client = @saved_cs_client */;

--
-- Dumping data for table `category_settings`
--

LOCK TABLES `category_settings` WRITE;
/*!40000 ALTER TABLE `category_settings` DISABLE KEYS */;
/*!40000 ALTER TABLE `category_settings` ENABLE KEYS */;
UNLOCK TABLES;

--
-- Table structure for table `citation_settings`
--

DROP TABLE IF EXISTS `citation_settings`;
/*!40101 SET @saved_cs_client     = @@character_set_client */;
/*!40101 SET character_set_client = utf8 */;
CREATE TABLE `citation_settings` (
  `citation_id` bigint(20) NOT NULL,
  `locale` varchar(14) NOT NULL DEFAULT '',
  `setting_name` varchar(255) NOT NULL,
  `setting_value` text DEFAULT NULL,
  `setting_type` varchar(6) NOT NULL,
  UNIQUE KEY `citation_settings_pkey` (`citation_id`,`locale`,`setting_name`),
  KEY `citation_settings_citation_id` (`citation_id`)
) ENGINE=InnoDB DEFAULT CHARSET=utf8mb3 COLLATE=utf8mb3_general_ci;
/*!40101 SET character_set_client = @saved_cs_client */;

--
-- Dumping data for table `citation_settings`
--

LOCK TABLES `citation_settings` WRITE;
/*!40000 ALTER TABLE `citation_settings` DISABLE KEYS */;
/*!40000 ALTER TABLE `citation_settings` ENABLE KEYS */;
UNLOCK TABLES;

--
-- Table structure for table `citations`
--

DROP TABLE IF EXISTS `citations`;
/*!40101 SET @saved_cs_client     = @@character_set_client */;
/*!40101 SET character_set_client = utf8 */;
CREATE TABLE `citations` (
  `citation_id` bigint(20) NOT NULL AUTO_INCREMENT,
  `publication_id` bigint(20) NOT NULL DEFAULT 0,
  `raw_citation` text NOT NULL,
  `seq` bigint(20) NOT NULL DEFAULT 0,
  PRIMARY KEY (`citation_id`),
  UNIQUE KEY `citations_publication_seq` (`publication_id`,`seq`),
  KEY `citations_publication` (`publication_id`)
) ENGINE=InnoDB DEFAULT CHARSET=utf8mb3 COLLATE=utf8mb3_general_ci;
/*!40101 SET character_set_client = @saved_cs_client */;

--
-- Dumping data for table `citations`
--

LOCK TABLES `citations` WRITE;
/*!40000 ALTER TABLE `citations` DISABLE KEYS */;
/*!40000 ALTER TABLE `citations` ENABLE KEYS */;
UNLOCK TABLES;

--
-- Table structure for table `completed_payments`
--

DROP TABLE IF EXISTS `completed_payments`;
/*!40101 SET @saved_cs_client     = @@character_set_client */;
/*!40101 SET character_set_client = utf8 */;
CREATE TABLE `completed_payments` (
  `completed_payment_id` bigint(20) NOT NULL AUTO_INCREMENT,
  `timestamp` datetime NOT NULL,
  `payment_type` bigint(20) NOT NULL,
  `context_id` bigint(20) NOT NULL,
  `user_id` bigint(20) DEFAULT NULL,
  `assoc_id` bigint(20) DEFAULT NULL,
  `amount` double(8,2) NOT NULL,
  `currency_code_alpha` varchar(3) DEFAULT NULL,
  `payment_method_plugin_name` varchar(80) DEFAULT NULL,
  PRIMARY KEY (`completed_payment_id`)
) ENGINE=InnoDB DEFAULT CHARSET=utf8mb3 COLLATE=utf8mb3_general_ci;
/*!40101 SET character_set_client = @saved_cs_client */;

--
-- Dumping data for table `completed_payments`
--

LOCK TABLES `completed_payments` WRITE;
/*!40000 ALTER TABLE `completed_payments` DISABLE KEYS */;
/*!40000 ALTER TABLE `completed_payments` ENABLE KEYS */;
UNLOCK TABLES;

--
-- Table structure for table `controlled_vocab_entries`
--

DROP TABLE IF EXISTS `controlled_vocab_entries`;
/*!40101 SET @saved_cs_client     = @@character_set_client */;
/*!40101 SET character_set_client = utf8 */;
CREATE TABLE `controlled_vocab_entries` (
  `controlled_vocab_entry_id` bigint(20) NOT NULL AUTO_INCREMENT,
  `controlled_vocab_id` bigint(20) NOT NULL,
  `seq` double(8,2) DEFAULT NULL,
  PRIMARY KEY (`controlled_vocab_entry_id`),
  KEY `controlled_vocab_entries_cv_id` (`controlled_vocab_id`,`seq`)
) ENGINE=InnoDB DEFAULT CHARSET=utf8mb3 COLLATE=utf8mb3_general_ci;
/*!40101 SET character_set_client = @saved_cs_client */;

--
-- Dumping data for table `controlled_vocab_entries`
--

LOCK TABLES `controlled_vocab_entries` WRITE;
/*!40000 ALTER TABLE `controlled_vocab_entries` DISABLE KEYS */;
/*!40000 ALTER TABLE `controlled_vocab_entries` ENABLE KEYS */;
UNLOCK TABLES;

--
-- Table structure for table `controlled_vocab_entry_settings`
--

DROP TABLE IF EXISTS `controlled_vocab_entry_settings`;
/*!40101 SET @saved_cs_client     = @@character_set_client */;
/*!40101 SET character_set_client = utf8 */;
CREATE TABLE `controlled_vocab_entry_settings` (
  `controlled_vocab_entry_id` bigint(20) NOT NULL,
  `locale` varchar(14) NOT NULL DEFAULT '',
  `setting_name` varchar(255) NOT NULL,
  `setting_value` text DEFAULT NULL,
  `setting_type` varchar(6) NOT NULL,
  UNIQUE KEY `c_v_e_s_pkey` (`controlled_vocab_entry_id`,`locale`,`setting_name`),
  KEY `c_v_e_s_entry_id` (`controlled_vocab_entry_id`)
) ENGINE=InnoDB DEFAULT CHARSET=utf8mb3 COLLATE=utf8mb3_general_ci;
/*!40101 SET character_set_client = @saved_cs_client */;

--
-- Dumping data for table `controlled_vocab_entry_settings`
--

LOCK TABLES `controlled_vocab_entry_settings` WRITE;
/*!40000 ALTER TABLE `controlled_vocab_entry_settings` DISABLE KEYS */;
/*!40000 ALTER TABLE `controlled_vocab_entry_settings` ENABLE KEYS */;
UNLOCK TABLES;

--
-- Table structure for table `controlled_vocabs`
--

DROP TABLE IF EXISTS `controlled_vocabs`;
/*!40101 SET @saved_cs_client     = @@character_set_client */;
/*!40101 SET character_set_client = utf8 */;
CREATE TABLE `controlled_vocabs` (
  `controlled_vocab_id` bigint(20) NOT NULL AUTO_INCREMENT,
  `symbolic` varchar(64) NOT NULL,
  `assoc_type` bigint(20) NOT NULL DEFAULT 0,
  `assoc_id` bigint(20) NOT NULL DEFAULT 0,
  PRIMARY KEY (`controlled_vocab_id`),
  UNIQUE KEY `controlled_vocab_symbolic` (`symbolic`,`assoc_type`,`assoc_id`)
) ENGINE=InnoDB DEFAULT CHARSET=utf8mb3 COLLATE=utf8mb3_general_ci;
/*!40101 SET character_set_client = @saved_cs_client */;

--
-- Dumping data for table `controlled_vocabs`
--

LOCK TABLES `controlled_vocabs` WRITE;
/*!40000 ALTER TABLE `controlled_vocabs` DISABLE KEYS */;
/*!40000 ALTER TABLE `controlled_vocabs` ENABLE KEYS */;
UNLOCK TABLES;

--
-- Table structure for table `custom_issue_orders`
--

DROP TABLE IF EXISTS `custom_issue_orders`;
/*!40101 SET @saved_cs_client     = @@character_set_client */;
/*!40101 SET character_set_client = utf8 */;
CREATE TABLE `custom_issue_orders` (
  `issue_id` bigint(20) NOT NULL,
  `journal_id` bigint(20) NOT NULL,
  `seq` double(8,2) NOT NULL DEFAULT 0.00,
  UNIQUE KEY `custom_issue_orders_pkey` (`issue_id`)
) ENGINE=InnoDB DEFAULT CHARSET=utf8mb3 COLLATE=utf8mb3_general_ci;
/*!40101 SET character_set_client = @saved_cs_client */;

--
-- Dumping data for table `custom_issue_orders`
--

LOCK TABLES `custom_issue_orders` WRITE;
/*!40000 ALTER TABLE `custom_issue_orders` DISABLE KEYS */;
/*!40000 ALTER TABLE `custom_issue_orders` ENABLE KEYS */;
UNLOCK TABLES;

--
-- Table structure for table `custom_section_orders`
--

DROP TABLE IF EXISTS `custom_section_orders`;
/*!40101 SET @saved_cs_client     = @@character_set_client */;
/*!40101 SET character_set_client = utf8 */;
CREATE TABLE `custom_section_orders` (
  `issue_id` bigint(20) NOT NULL,
  `section_id` bigint(20) NOT NULL,
  `seq` double(8,2) NOT NULL DEFAULT 0.00,
  UNIQUE KEY `custom_section_orders_pkey` (`issue_id`,`section_id`)
) ENGINE=InnoDB DEFAULT CHARSET=utf8mb3 COLLATE=utf8mb3_general_ci;
/*!40101 SET character_set_client = @saved_cs_client */;

--
-- Dumping data for table `custom_section_orders`
--

LOCK TABLES `custom_section_orders` WRITE;
/*!40000 ALTER TABLE `custom_section_orders` DISABLE KEYS */;
/*!40000 ALTER TABLE `custom_section_orders` ENABLE KEYS */;
UNLOCK TABLES;

--
-- Table structure for table `data_object_tombstone_oai_set_objects`
--

DROP TABLE IF EXISTS `data_object_tombstone_oai_set_objects`;
/*!40101 SET @saved_cs_client     = @@character_set_client */;
/*!40101 SET character_set_client = utf8 */;
CREATE TABLE `data_object_tombstone_oai_set_objects` (
  `object_id` bigint(20) NOT NULL AUTO_INCREMENT,
  `tombstone_id` bigint(20) NOT NULL,
  `assoc_type` bigint(20) NOT NULL,
  `assoc_id` bigint(20) NOT NULL,
  PRIMARY KEY (`object_id`),
  KEY `data_object_tombstone_oai_set_objects_tombstone_id` (`tombstone_id`)
) ENGINE=InnoDB DEFAULT CHARSET=utf8mb3 COLLATE=utf8mb3_general_ci;
/*!40101 SET character_set_client = @saved_cs_client */;

--
-- Dumping data for table `data_object_tombstone_oai_set_objects`
--

LOCK TABLES `data_object_tombstone_oai_set_objects` WRITE;
/*!40000 ALTER TABLE `data_object_tombstone_oai_set_objects` DISABLE KEYS */;
/*!40000 ALTER TABLE `data_object_tombstone_oai_set_objects` ENABLE KEYS */;
UNLOCK TABLES;

--
-- Table structure for table `data_object_tombstone_settings`
--

DROP TABLE IF EXISTS `data_object_tombstone_settings`;
/*!40101 SET @saved_cs_client     = @@character_set_client */;
/*!40101 SET character_set_client = utf8 */;
CREATE TABLE `data_object_tombstone_settings` (
  `tombstone_id` bigint(20) NOT NULL,
  `locale` varchar(14) NOT NULL DEFAULT '',
  `setting_name` varchar(255) NOT NULL,
  `setting_value` text DEFAULT NULL,
  `setting_type` varchar(6) NOT NULL COMMENT '(bool|int|float|string|object)',
  UNIQUE KEY `data_object_tombstone_settings_pkey` (`tombstone_id`,`locale`,`setting_name`),
  KEY `data_object_tombstone_settings_tombstone_id` (`tombstone_id`)
) ENGINE=InnoDB DEFAULT CHARSET=utf8mb3 COLLATE=utf8mb3_general_ci;
/*!40101 SET character_set_client = @saved_cs_client */;

--
-- Dumping data for table `data_object_tombstone_settings`
--

LOCK TABLES `data_object_tombstone_settings` WRITE;
/*!40000 ALTER TABLE `data_object_tombstone_settings` DISABLE KEYS */;
/*!40000 ALTER TABLE `data_object_tombstone_settings` ENABLE KEYS */;
UNLOCK TABLES;

--
-- Table structure for table `data_object_tombstones`
--

DROP TABLE IF EXISTS `data_object_tombstones`;
/*!40101 SET @saved_cs_client     = @@character_set_client */;
/*!40101 SET character_set_client = utf8 */;
CREATE TABLE `data_object_tombstones` (
  `tombstone_id` bigint(20) NOT NULL AUTO_INCREMENT,
  `data_object_id` bigint(20) NOT NULL,
  `date_deleted` datetime NOT NULL,
  `set_spec` varchar(255) NOT NULL,
  `set_name` varchar(255) NOT NULL,
  `oai_identifier` varchar(255) NOT NULL,
  PRIMARY KEY (`tombstone_id`),
  KEY `data_object_tombstones_data_object_id` (`data_object_id`)
) ENGINE=InnoDB DEFAULT CHARSET=utf8mb3 COLLATE=utf8mb3_general_ci;
/*!40101 SET character_set_client = @saved_cs_client */;

--
-- Dumping data for table `data_object_tombstones`
--

LOCK TABLES `data_object_tombstones` WRITE;
/*!40000 ALTER TABLE `data_object_tombstones` DISABLE KEYS */;
/*!40000 ALTER TABLE `data_object_tombstones` ENABLE KEYS */;
UNLOCK TABLES;

--
-- Table structure for table `edit_decisions`
--

DROP TABLE IF EXISTS `edit_decisions`;
/*!40101 SET @saved_cs_client     = @@character_set_client */;
/*!40101 SET character_set_client = utf8 */;
CREATE TABLE `edit_decisions` (
  `edit_decision_id` bigint(20) NOT NULL AUTO_INCREMENT,
  `submission_id` bigint(20) NOT NULL,
  `review_round_id` bigint(20) NOT NULL,
  `stage_id` bigint(20) DEFAULT NULL,
  `round` smallint(6) NOT NULL,
  `editor_id` bigint(20) NOT NULL,
  `decision` smallint(6) NOT NULL,
  `date_decided` datetime NOT NULL,
  PRIMARY KEY (`edit_decision_id`),
  KEY `edit_decisions_submission_id` (`submission_id`),
  KEY `edit_decisions_editor_id` (`editor_id`)
) ENGINE=InnoDB DEFAULT CHARSET=utf8mb3 COLLATE=utf8mb3_general_ci;
/*!40101 SET character_set_client = @saved_cs_client */;

--
-- Dumping data for table `edit_decisions`
--

LOCK TABLES `edit_decisions` WRITE;
/*!40000 ALTER TABLE `edit_decisions` DISABLE KEYS */;
/*!40000 ALTER TABLE `edit_decisions` ENABLE KEYS */;
UNLOCK TABLES;

--
-- Table structure for table `email_log`
--

DROP TABLE IF EXISTS `email_log`;
/*!40101 SET @saved_cs_client     = @@character_set_client */;
/*!40101 SET character_set_client = utf8 */;
CREATE TABLE `email_log` (
  `log_id` bigint(20) NOT NULL AUTO_INCREMENT,
  `assoc_type` bigint(20) NOT NULL,
  `assoc_id` bigint(20) NOT NULL,
  `sender_id` bigint(20) NOT NULL,
  `date_sent` datetime NOT NULL,
  `event_type` bigint(20) DEFAULT NULL,
  `from_address` varchar(255) DEFAULT NULL,
  `recipients` text DEFAULT NULL,
  `cc_recipients` text DEFAULT NULL,
  `bcc_recipients` text DEFAULT NULL,
  `subject` varchar(255) DEFAULT NULL,
  `body` text DEFAULT NULL,
  PRIMARY KEY (`log_id`),
  KEY `email_log_assoc` (`assoc_type`,`assoc_id`)
) ENGINE=InnoDB DEFAULT CHARSET=utf8mb3 COLLATE=utf8mb3_general_ci;
/*!40101 SET character_set_client = @saved_cs_client */;

--
-- Dumping data for table `email_log`
--

LOCK TABLES `email_log` WRITE;
/*!40000 ALTER TABLE `email_log` DISABLE KEYS */;
/*!40000 ALTER TABLE `email_log` ENABLE KEYS */;
UNLOCK TABLES;

--
-- Table structure for table `email_log_users`
--

DROP TABLE IF EXISTS `email_log_users`;
/*!40101 SET @saved_cs_client     = @@character_set_client */;
/*!40101 SET character_set_client = utf8 */;
CREATE TABLE `email_log_users` (
  `email_log_id` bigint(20) NOT NULL,
  `user_id` bigint(20) NOT NULL,
  UNIQUE KEY `email_log_user_id` (`email_log_id`,`user_id`)
) ENGINE=InnoDB DEFAULT CHARSET=utf8mb3 COLLATE=utf8mb3_general_ci;
/*!40101 SET character_set_client = @saved_cs_client */;

--
-- Dumping data for table `email_log_users`
--

LOCK TABLES `email_log_users` WRITE;
/*!40000 ALTER TABLE `email_log_users` DISABLE KEYS */;
/*!40000 ALTER TABLE `email_log_users` ENABLE KEYS */;
UNLOCK TABLES;

--
-- Table structure for table `email_templates`
--

DROP TABLE IF EXISTS `email_templates`;
/*!40101 SET @saved_cs_client     = @@character_set_client */;
/*!40101 SET character_set_client = utf8 */;
CREATE TABLE `email_templates` (
  `email_id` bigint(20) NOT NULL AUTO_INCREMENT,
  `email_key` varchar(64) NOT NULL COMMENT 'Unique identifier for this email.',
  `context_id` bigint(20) NOT NULL,
  `enabled` smallint(6) NOT NULL DEFAULT 1,
  PRIMARY KEY (`email_id`),
  UNIQUE KEY `email_templates_email_key` (`email_key`,`context_id`)
) ENGINE=InnoDB DEFAULT CHARSET=utf8mb3 COLLATE=utf8mb3_general_ci;
/*!40101 SET character_set_client = @saved_cs_client */;

--
-- Dumping data for table `email_templates`
--

LOCK TABLES `email_templates` WRITE;
/*!40000 ALTER TABLE `email_templates` DISABLE KEYS */;
/*!40000 ALTER TABLE `email_templates` ENABLE KEYS */;
UNLOCK TABLES;

--
-- Table structure for table `email_templates_default`
--

DROP TABLE IF EXISTS `email_templates_default`;
/*!40101 SET @saved_cs_client     = @@character_set_client */;
/*!40101 SET character_set_client = utf8 */;
CREATE TABLE `email_templates_default` (
  `email_id` bigint(20) NOT NULL AUTO_INCREMENT,
  `email_key` varchar(64) NOT NULL COMMENT 'Unique identifier for this email.',
  `can_disable` smallint(6) NOT NULL DEFAULT 0,
  `can_edit` smallint(6) NOT NULL DEFAULT 0,
  `from_role_id` bigint(20) DEFAULT NULL,
  `to_role_id` bigint(20) DEFAULT NULL,
  `stage_id` bigint(20) DEFAULT NULL,
  PRIMARY KEY (`email_id`),
  KEY `email_templates_default_email_key` (`email_key`)
) ENGINE=InnoDB AUTO_INCREMENT=59 DEFAULT CHARSET=utf8mb3 COLLATE=utf8mb3_general_ci;
/*!40101 SET character_set_client = @saved_cs_client */;

--
-- Dumping data for table `email_templates_default`
--

LOCK TABLES `email_templates_default` WRITE;
/*!40000 ALTER TABLE `email_templates_default` DISABLE KEYS */;
INSERT INTO `email_templates_default` VALUES (1,'NOTIFICATION',0,1,NULL,NULL,NULL),(2,'NOTIFICATION_CENTER_DEFAULT',0,1,NULL,NULL,NULL),(3,'PASSWORD_RESET_CONFIRM',0,1,NULL,NULL,NULL),(4,'USER_REGISTER',0,1,NULL,NULL,NULL),(5,'USER_VALIDATE',0,1,NULL,NULL,NULL),(6,'REVIEWER_REGISTER',0,1,NULL,NULL,NULL),(7,'PUBLISH_NOTIFY',0,1,NULL,NULL,NULL),(8,'LOCKSS_EXISTING_ARCHIVE',0,1,NULL,NULL,NULL),(9,'LOCKSS_NEW_ARCHIVE',0,1,NULL,NULL,NULL),(10,'SUBMISSION_ACK',1,1,NULL,65536,1),(11,'SUBMISSION_ACK_NOT_USER',1,1,NULL,65536,1),(12,'EDITOR_ASSIGN',1,1,16,16,1),(13,'REVIEW_CANCEL',1,1,16,4096,3),(14,'REVIEW_REINSTATE',1,1,16,4096,3),(15,'REVIEW_REQUEST',1,1,16,4096,3),(16,'REVIEW_REQUEST_SUBSEQUENT',1,1,16,4096,3),(17,'REVIEW_REQUEST_ONECLICK',1,1,16,4096,3),(18,'REVIEW_REQUEST_ONECLICK_SUBSEQUENT',1,1,16,4096,3),(19,'REVIEW_REQUEST_ATTACHED',0,1,16,4096,3),(20,'REVIEW_REQUEST_ATTACHED_SUBSEQUENT',0,1,16,4096,3),(21,'REVIEW_REQUEST_REMIND_AUTO',0,1,NULL,4096,3),(22,'REVIEW_REQUEST_REMIND_AUTO_ONECLICK',0,1,NULL,4096,3),(23,'REVIEW_CONFIRM',1,1,4096,16,3),(24,'REVIEW_DECLINE',1,1,4096,16,3),(25,'REVIEW_ACK',1,1,16,4096,3),(26,'REVIEW_REMIND',0,1,16,4096,3),(27,'REVIEW_REMIND_AUTO',0,1,NULL,4096,3),(28,'REVIEW_REMIND_ONECLICK',0,1,16,4096,3),(29,'REVIEW_REMIND_AUTO_ONECLICK',0,1,NULL,4096,3),(30,'EDITOR_DECISION_ACCEPT',0,1,16,65536,3),(31,'EDITOR_DECISION_SEND_TO_EXTERNAL',0,1,16,65536,3),(32,'EDITOR_DECISION_SEND_TO_PRODUCTION',0,1,16,65536,5),(33,'EDITOR_DECISION_REVISIONS',0,1,16,65536,3),(34,'EDITOR_DECISION_RESUBMIT',0,1,16,65536,3),(35,'EDITOR_DECISION_DECLINE',0,1,16,65536,3),(36,'EDITOR_DECISION_INITIAL_DECLINE',0,1,16,65536,1),(37,'EDITOR_RECOMMENDATION',0,1,16,16,3),(38,'COPYEDIT_REQUEST',1,1,16,4097,4),(39,'LAYOUT_REQUEST',1,1,16,4097,5),(40,'LAYOUT_COMPLETE',1,1,4097,16,5),(41,'EMAIL_LINK',0,1,1048576,NULL,NULL),(42,'SUBSCRIPTION_NOTIFY',0,1,NULL,1048576,NULL),(43,'OPEN_ACCESS_NOTIFY',0,1,NULL,1048576,NULL),(44,'SUBSCRIPTION_BEFORE_EXPIRY',0,1,NULL,1048576,NULL),(45,'SUBSCRIPTION_AFTER_EXPIRY',0,1,NULL,1048576,NULL),(46,'SUBSCRIPTION_AFTER_EXPIRY_LAST',0,1,NULL,1048576,NULL),(47,'SUBSCRIPTION_PURCHASE_INDL',0,1,NULL,2097152,NULL),(48,'SUBSCRIPTION_PURCHASE_INSTL',0,1,NULL,2097152,NULL),(49,'SUBSCRIPTION_RENEW_INDL',0,1,NULL,2097152,NULL),(50,'SUBSCRIPTION_RENEW_INSTL',0,1,NULL,2097152,NULL),(51,'CITATION_EDITOR_AUTHOR_QUERY',0,1,NULL,NULL,4),(52,'REVISED_VERSION_NOTIFY',0,1,NULL,16,3),(53,'STATISTICS_REPORT_NOTIFICATION',1,1,16,17,NULL),(54,'ANNOUNCEMENT',0,1,16,1048576,NULL),(55,'ORCID_COLLECT_AUTHOR_ID',0,1,NULL,NULL,NULL),(56,'ORCID_REQUEST_AUTHOR_AUTHORIZATION',0,1,NULL,NULL,NULL),(57,'PAYPAL_INVESTIGATE_PAYMENT',0,1,NULL,NULL,NULL),(58,'MANUAL_PAYMENT_NOTIFICATION',0,1,NULL,NULL,NULL);
/*!40000 ALTER TABLE `email_templates_default` ENABLE KEYS */;
UNLOCK TABLES;

--
-- Table structure for table `email_templates_default_data`
--

DROP TABLE IF EXISTS `email_templates_default_data`;
/*!40101 SET @saved_cs_client     = @@character_set_client */;
/*!40101 SET character_set_client = utf8 */;
CREATE TABLE `email_templates_default_data` (
  `email_key` varchar(64) NOT NULL COMMENT 'Unique identifier for this email.',
  `locale` varchar(14) NOT NULL DEFAULT 'en_US',
  `subject` varchar(120) NOT NULL,
  `body` text DEFAULT NULL,
  `description` text DEFAULT NULL,
  UNIQUE KEY `email_templates_default_data_pkey` (`email_key`,`locale`)
) ENGINE=InnoDB DEFAULT CHARSET=utf8mb3 COLLATE=utf8mb3_general_ci;
/*!40101 SET character_set_client = @saved_cs_client */;

--
-- Dumping data for table `email_templates_default_data`
--

LOCK TABLES `email_templates_default_data` WRITE;
/*!40000 ALTER TABLE `email_templates_default_data` DISABLE KEYS */;
INSERT INTO `email_templates_default_data` VALUES ('ANNOUNCEMENT','en_US','{$title}','<b>{$title}</b><br />\n<br />\n{$summary}<br />\n<br />\nVisit our website to read the <a href=\"{$url}\">full announcement</a>.','This email is sent when a new announcement is created.'),('CITATION_EDITOR_AUTHOR_QUERY','en_US','Citation Editing','{$authorFirstName},<br />\n<br />\nCould you please verify or provide us with the proper citation for the following reference from your article, {$submissionTitle}:<br />\n<br />\n{$rawCitation}<br />\n<br />\nThanks!<br />\n<br />\n{$userFirstName}<br />\nCopy-Editor, {$contextName}<br />\n','This email allows copyeditors to request additional information about references from authors.'),('COPYEDIT_REQUEST','en_US','Copyediting Request','{$participantName}:<br />\n<br />\nI would ask that you undertake the copyediting of &quot;{$submissionTitle}&quot; for {$contextName} by following these steps.<br />\n1. Click on the Submission URL below.<br />\n2. Open any files available under Draft Files and do your copyediting, while adding any Copyediting Discussions as needed.<br />\n3. Save copyedited file(s), and upload to Copyedited panel.<br />\n4. Notify the Editor that all files have been prepared, and that the Production process may begin.<br />\n<br />\n{$contextName} URL: {$contextUrl}<br />\nSubmission URL: {$submissionUrl}<br />\nUsername: {$participantUsername}','This email is sent by a Section Editor to a submission\'s Copyeditor to request that they begin the copyediting process. It provides information about the submission and how to access it.'),('EDITOR_ASSIGN','en_US','Editorial Assignment','{$editorialContactName}:<br />\n<br />\nThe submission, &quot;{$submissionTitle},&quot; to {$contextName} has been assigned to you to see through the editorial process in your role as Section Editor.<br />\n<br />\nSubmission URL: {$submissionUrl}<br />\nUsername: {$editorUsername}<br />\n<br />\nThank you.','This email notifies a Section Editor that the Editor has assigned them the task of overseeing a submission through the editing process. It provides information about the submission and how to access the journal site.'),('EDITOR_DECISION_ACCEPT','en_US','Editor Decision','{$authorName}:<br />\n<br />\nWe have reached a decision regarding your submission to {$contextName}, &quot;{$submissionTitle}&quot;.<br />\n<br />\nOur decision is to: Accept Submission','This email from the Editor or Section Editor to an Author notifies them of a final \"accept submission\" decision regarding their submission.'),('EDITOR_DECISION_DECLINE','en_US','Editor Decision','{$authorName}:<br />\n<br />\nWe have reached a decision regarding your submission to {$contextName}, &quot;{$submissionTitle}&quot;.<br />\n<br />\nOur decision is to: Decline Submission','This email from the Editor or Section Editor to an Author notifies them of a final \"decline\" decision regarding their submission.'),('EDITOR_DECISION_INITIAL_DECLINE','en_US','Editor Decision','\n			{$authorName}:<br />\n<br />\nWe have reached a decision regarding your submission to {$contextName}, &quot;{$submissionTitle}&quot;.<br />\n<br />\nOur decision is to: Decline Submission','This email is sent to the author if the editor declines their submission initially, before the review stage'),('EDITOR_DECISION_RESUBMIT','en_US','Editor Decision','{$authorName}:<br />\n<br />\nWe have reached a decision regarding your submission to {$contextName}, &quot;{$submissionTitle}&quot;.<br />\n<br />\nOur decision is to: Resubmit for Review','This email from the Editor or Section Editor to an Author notifies them of a final \"resubmit\" decision regarding their submission.'),('EDITOR_DECISION_REVISIONS','en_US','Editor Decision','{$authorName}:<br />\n<br />\nWe have reached a decision regarding your submission to {$contextName}, &quot;{$submissionTitle}&quot;.<br />\n<br />\nOur decision is: Revisions Required','This email from the Editor or Section Editor to an Author notifies them of a final \"revisions required\" decision regarding their submission.'),('EDITOR_DECISION_SEND_TO_EXTERNAL','en_US','Editor Decision','{$authorName}:<br />\n<br />\nWe have reached a decision regarding your submission to {$contextName}, &quot;{$submissionTitle}&quot;.<br />\n<br />\nOur decision is to: Send to Review<br />\n<br />\nSubmission URL: {$submissionUrl}','This email from the Editor or Section Editor to an Author notifies them that their submission is being sent to an external review.'),('EDITOR_DECISION_SEND_TO_PRODUCTION','en_US','Editor Decision','{$authorName}:<br />\n<br />\nThe editing of your submission, &quot;{$submissionTitle},&quot; is complete.  We are now sending it to production.<br />\n<br />\nSubmission URL: {$submissionUrl}','This email from the Editor or Section Editor to an Author notifies them that their submission is being sent to production.'),('EDITOR_RECOMMENDATION','en_US','Editor Recommendation','{$editors}:<br />\n<br />\nThe recommendation regarding the submission to {$contextName}, &quot;{$submissionTitle}&quot; is: {$recommendation}','This email from the recommending Editor or Section Editor to the decision making Editors or Section Editors notifies them of a final recommendation regarding the submission.'),('EMAIL_LINK','en_US','Article of Possible Interest','Thought you might be interested in seeing &quot;{$submissionTitle}&quot; by {$authorName} published in Vol {$volume}, No {$number} ({$year}) of {$contextName} at &quot;{$articleUrl}&quot;.','This email template provides a registered reader with the opportunity to send information about an article to somebody who may be interested. It is available via the Reading Tools and must be enabled by the Journal Manager in the Reading Tools Administration page.'),('LAYOUT_COMPLETE','en_US','Galleys Complete','{$editorialContactName}:<br />\n<br />\nGalleys have now been prepared for the manuscript, &quot;{$submissionTitle},&quot; for {$contextName} and are ready for proofreading.<br />\n<br />\nIf you have any questions, please contact me.<br />\n<br />\n{$participantName}','This email from the Layout Editor to the Section Editor notifies them that the layout process has been completed.'),('LAYOUT_REQUEST','en_US','Request Galleys','{$participantName}:<br />\n<br />\nThe submission &quot;{$submissionTitle}&quot; to {$contextName} now needs galleys laid out by following these steps.<br />\n1. Click on the Submission URL below.<br />\n2. Log into the journal and use the Production Ready files to create the galleys according to the journal\'s standards.<br />\n3. Upload the galleys to the Galley Files section.<br />\n4. Notify the Editor using Production Discussions that the galleys are uploaded and ready.<br />\n<br />\n{$contextName} URL: {$contextUrl}<br />\nSubmission URL: {$submissionUrl}<br />\nUsername: {$participantUsername}<br />\n<br />\nIf you are unable to undertake this work at this time or have any questions, please contact me. Thank you for your contribution to this journal.','This email from the Section Editor to the Layout Editor notifies them that they have been assigned the task of performing layout editing on a submission. It provides information about the submission and how to access it.'),('LOCKSS_EXISTING_ARCHIVE','en_US','Archiving Request for {$contextName}','Dear [University Librarian]<br />\n<br />\n{$contextName} &amp;lt;{$contextUrl}&amp;gt;, is a journal for which a member of your faculty, [name of member], serves as a [title of position]. The journal is seeking to establish a LOCKSS (Lots of Copies Keep Stuff Safe) compliant archive with this and other university libraries.<br />\n<br />\n[Brief description of journal]<br />\n<br />\nThe URL to the LOCKSS Publisher Manifest for our journal is: {$contextUrl}/gateway/lockss<br />\n<br />\nWe understand that you are already participating in LOCKSS. If we can provide any additional metadata for purposes of registering our journal with your version of LOCKSS, we would be happy to provide it.<br />\n<br />\nThank you,<br />\n{$principalContactSignature}','This email requests the keeper of a LOCKSS archive to consider including this journal in their archive. It provides the URL to the journal\'s LOCKSS Publisher Manifest.'),('LOCKSS_NEW_ARCHIVE','en_US','Archiving Request for {$contextName}','Dear [University Librarian]<br />\n<br />\n{$contextName} &amp;lt;{$contextUrl}&amp;gt;, is a journal for which a member of your faculty, [name of member] serves as a [title of position]. The journal is seeking to establish a LOCKSS (Lots of Copies Keep Stuff Safe) compliant archive with this and other university libraries.<br />\n<br />\n[Brief description of journal]<br />\n<br />\nThe LOCKSS Program &amp;lt;http://lockss.org/&amp;gt;, an international library/publisher initiative, is a working example of a distributed preservation and archiving repository, additional details are below. The software, which runs on an ordinary personal computer is free; the system is easily brought on-line; very little ongoing maintenance is required.<br />\n<br />\nTo assist in the archiving of our journal, we invite you to become a member of the LOCKSS community, to help collect and preserve titles produced by your faculty and by other scholars worldwide. To do so, please have someone on your staff visit the LOCKSS site for information on how this system operates. I look forward to hearing from you on the feasibility of providing this archiving support for this journal.<br />\n<br />\nThank you,<br />\n{$principalContactSignature}','This email encourages the recipient to participate in the LOCKSS initiative and include this journal in the archive. It provides information about the LOCKSS initiative and ways to become involved.'),('MANUAL_PAYMENT_NOTIFICATION','en_US','Manual Payment Notification','A manual payment needs to be processed for the journal {$contextName} and the user {$userFullName} (username &quot;{$userName}&quot;).<br />\n<br />\nThe item being paid for is &quot;{$itemName}&quot;.<br />\nThe cost is {$itemCost} ({$itemCurrencyCode}).<br />\n<br />\nThis email was generated by Open Journal Systems\' Manual Payment plugin.','This email template is used to notify a journal manager contact that a manual payment was requested.'),('NOTIFICATION','en_US','New notification from {$siteTitle}','You have a new notification from {$siteTitle}:<br />\n<br />\n{$notificationContents}<br />\n<br />\nLink: {$url}<br />\n<br />\n{$principalContactSignature}','The email is sent to registered users that have selected to have this type of notification emailed to them.'),('NOTIFICATION_CENTER_DEFAULT','en_US','A message regarding {$contextName}','Please enter your message.','The default (blank) message used in the Notification Center Message Listbuilder.'),('OPEN_ACCESS_NOTIFY','en_US','Issue Now Open Access','Readers:<br />\n<br />\n{$contextName} has just made available in an open access format the following issue. We invite you to review the Table of Contents here and then visit our web site ({$contextUrl}) to review articles and items of interest.<br />\n<br />\nThanks for the continuing interest in our work,<br />\n{$editorialContactSignature}','This email is sent to registered readers who have requested to receive a notification email when an issue becomes open access.'),('ORCID_COLLECT_AUTHOR_ID','en_US','Submission ORCID','Dear {$authorName},<br/>\n<br/>\nYou have been listed as an author on a manuscript submission to {$contextName}.<br/>\nTo confirm your authorship, please add your ORCID id to this submission by visiting the link provided below.<br/>\n<br/>\n<a href=\"{$authorOrcidUrl}\"><img id=\"orcid-id-logo\" src=\"https://orcid.org/sites/default/files/images/orcid_16x16.png\" width=\'16\' height=\'16\' alt=\"ORCID iD icon\" style=\"display: block; margin: 0 .5em 0 0; padding: 0; float: left;\"/>Register or connect your ORCID iD</a><br/>\n<br/>\n<br>\n<a href=\"{$orcidAboutUrl}\">More information about ORCID at {$contextName}</a><br/>\n<br/>\nIf you have any questions, please contact me.<br/>\n<br/>\n{$principalContactSignature}<br/>\n','This email template is used to collect the ORCID id\'s from authors.'),('ORCID_REQUEST_AUTHOR_AUTHORIZATION','en_US','Requesting ORCID record access','Dear {$authorName},<br>\n<br>\nYou have been listed as an author on the manuscript submission \"{$submissionTitle}\" to {$contextName}.\n<br>\n<br>\nPlease allow us to add your ORCID id to this submission and also to add the submission to your ORCID profile on publication.<br>\nVisit the link to the official ORCID website, login with your profile and authorize the access by following the instructions.<br>\n<a href=\"{$authorOrcidUrl}\"><img id=\"orcid-id-logo\" src=\"https://orcid.org/sites/default/files/images/orcid_16x16.png\" width=\'16\' height=\'16\' alt=\"ORCID iD icon\" style=\"display: block; margin: 0 .5em 0 0; padding: 0; float: left;\"/>Register or Connect your ORCID iD</a><br/>\n<br>\n<br>\n<a href=\"{$orcidAboutUrl}\">More about ORCID at {$contextName}</a><br/>\n<br>\nIf you have any questions, please contact me.<br>\n<br>\n{$principalContactSignature}<br>\n','This email template is used to request ORCID record access from authors.'),('PASSWORD_RESET_CONFIRM','en_US','Password Reset Confirmation','We have received a request to reset your password for the {$siteTitle} web site.<br />\n<br />\nIf you did not make this request, please ignore this email and your password will not be changed. If you wish to reset your password, click on the below URL.<br />\n<br />\nReset my password: {$url}<br />\n<br />\n{$principalContactSignature}','This email is sent to a registered user when they indicate that they have forgotten their password or are unable to login. It provides a URL they can follow to reset their password.'),('PAYPAL_INVESTIGATE_PAYMENT','en_US','Unusual PayPal Activity','Open Journal Systems has encountered unusual activity relating to PayPal payment support for the journal {$contextName}. This activity may need further investigation or manual intervention.<br />\n                       <br />\nThis email was generated by Open Journal Systems\' PayPal plugin.<br />\n<br />\nFull post information for the request:<br />\n{$postInfo}<br />\n<br />\nAdditional information (if supplied):<br />\n{$additionalInfo}<br />\n<br />\nServer vars:<br />\n{$serverVars}<br />\n','This email template is used to notify a journal\'s primary contact that suspicious activity or activity requiring manual intervention was encountered by the PayPal plugin.'),('PUBLISH_NOTIFY','en_US','New Issue Published','Readers:<br />\n<br />\n{$contextName} has just published its latest issue at {$contextUrl}. We invite you to review the Table of Contents here and then visit our web site to review articles and items of interest.<br />\n<br />\nThanks for the continuing interest in our work,<br />\n{$editorialContactSignature}','This email is sent to registered readers via the \"Notify Users\" link in the Editor\'s User Home. It notifies readers of a new issue and invites them to visit the journal at a supplied URL.'),('REVIEWER_REGISTER','en_US','Registration as Reviewer with {$contextName}','In light of your expertise, we have taken the liberty of registering your name in the reviewer database for {$contextName}. This does not entail any form of commitment on your part, but simply enables us to approach you with a submission to possibly review. On being invited to review, you will have an opportunity to see the title and abstract of the paper in question, and you\'ll always be in a position to accept or decline the invitation. You can also ask at any point to have your name removed from this reviewer list.<br />\n<br />\nWe are providing you with a username and password, which is used in all interactions with the journal through its website. You may wish, for example, to update your profile, including your reviewing interests.<br />\n<br />\nUsername: {$username}<br />\nPassword: {$password}<br />\n<br />\nThank you,<br />\n{$principalContactSignature}','This email is sent to a newly registered reviewer to welcome them to the system and provide them with a record of their username and password.'),('REVIEW_ACK','en_US','Article Review Acknowledgement','{$reviewerName}:<br />\n<br />\nThank you for completing the review of the submission, &quot;{$submissionTitle},&quot; for {$contextName}. We appreciate your contribution to the quality of the work that we publish.','This email is sent by a Section Editor to confirm receipt of a completed review and thank the reviewer for their contributions.'),('REVIEW_CANCEL','en_US','Request for Review Cancelled','{$reviewerName}:<br />\n<br />\nWe have decided at this point to cancel our request for you to review the submission, &quot;{$submissionTitle},&quot; for {$contextName}. We apologize for any inconvenience this may cause you and hope that we will be able to call on you to assist with this journal\'s review process in the future.<br />\n<br />\nIf you have any questions, please contact me.','This email is sent by the Section Editor to a Reviewer who has a submission review in progress to notify them that the review has been cancelled.'),('REVIEW_CONFIRM','en_US','Able to Review','Editors:<br />\n<br />\nI am able and willing to review the submission, &quot;{$submissionTitle},&quot; for {$contextName}. Thank you for thinking of me, and I plan to have the review completed by its due date, {$reviewDueDate}, if not before.<br />\n<br />\n{$reviewerName}','This email is sent by a Reviewer to the Section Editor in response to a review request to notify the Section Editor that the review request has been accepted and will be completed by the specified date.'),('REVIEW_DECLINE','en_US','Unable to Review','Editors:<br />\n<br />\nI am afraid that at this time I am unable to review the submission, &quot;{$submissionTitle},&quot; for {$contextName}. Thank you for thinking of me, and another time feel free to call on me.<br />\n<br />\n{$reviewerName}','This email is sent by a Reviewer to the Section Editor in response to a review request to notify the Section Editor that the review request has been declined.'),('REVIEW_REINSTATE','en_US','Request for Review Reinstated','{$reviewerName}:<br />\n<br />\nWe would like to reinstate our request for you to review the submission, &quot;{$submissionTitle},&quot; for {$contextName}. We hope that you will be able to assist with this journal\'s review process.<br />\n<br />\nIf you have any questions, please contact me.','This email is sent by the Section Editor to a Reviewer who has a submission review in progress to notify them that a cancelled review has been reinstated.'),('REVIEW_REMIND','en_US','Submission Review Reminder','{$reviewerName}:<br />\n<br />\nJust a gentle reminder of our request for your review of the submission, &quot;{$submissionTitle},&quot; for {$contextName}. We were hoping to have this review by {$reviewDueDate}, and would be pleased to receive it as soon as you are able to prepare it.<br />\n<br />\nIf you do not have your username and password for the journal\'s web site, you can use this link to reset your password (which will then be emailed to you along with your username). {$passwordResetUrl}<br />\n<br />\nSubmission URL: {$submissionReviewUrl}<br />\n<br />\nPlease confirm your ability to complete this vital contribution to the work of the journal. I look forward to hearing from you.<br />\n<br />\n{$editorialContactSignature}','This email is sent by a Section Editor to remind a reviewer that their review is due.'),('REVIEW_REMIND_AUTO','en_US','Automated Submission Review Reminder','{$reviewerName}:<br />\n<br />\nJust a gentle reminder of our request for your review of the submission, &quot;{$submissionTitle},&quot; for {$contextName}. We were hoping to have this review by {$reviewDueDate}, and this email has been automatically generated and sent with the passing of that date. We would still be pleased to receive it as soon as you are able to prepare it.<br />\n<br />\nIf you do not have your username and password for the journal\'s web site, you can use this link to reset your password (which will then be emailed to you along with your username). {$passwordResetUrl}<br />\n<br />\nSubmission URL: {$submissionReviewUrl}<br />\n<br />\nPlease confirm your ability to complete this vital contribution to the work of the journal. I look forward to hearing from you.<br />\n<br />\n{$editorialContactSignature}','This email is automatically sent when a reviewer\'s due date elapses (see Review Options under Settings > Workflow > Review) and one-click reviewer access is disabled. Scheduled tasks must be enabled and configured (see the site configuration file).'),('REVIEW_REMIND_AUTO_ONECLICK','en_US','Automated Submission Review Reminder','{$reviewerName}:<br />\n<br />\nJust a gentle reminder of our request for your review of the submission, &quot;{$submissionTitle},&quot; for {$contextName}. We were hoping to have this review by {$reviewDueDate}, and this email has been automatically generated and sent with the passing of that date. We would still be pleased to receive it as soon as you are able to prepare it.<br />\n<br />\nSubmission URL: {$submissionReviewUrl}<br />\n<br />\nPlease confirm your ability to complete this vital contribution to the work of the journal. I look forward to hearing from you.<br />\n<br />\n{$editorialContactSignature}','This email is automatically sent when a reviewer\'s due date elapses (see Review Options under Settings > Workflow > Review) and one-click reviewer access is enabled. Scheduled tasks must be enabled and configured (see the site configuration file).'),('REVIEW_REMIND_ONECLICK','en_US','Submission Review Reminder','{$reviewerName}:<br />\n<br />\nJust a gentle reminder of our request for your review of the submission, &quot;{$submissionTitle},&quot; for {$contextName}. We were hoping to have this review by {$reviewDueDate}, and would be pleased to receive it as soon as you are able to prepare it.<br />\n<br />\nSubmission URL: {$submissionReviewUrl}<br />\n<br />\nPlease confirm your ability to complete this vital contribution to the work of the journal. I look forward to hearing from you.<br />\n<br />\n{$editorialContactSignature}','This email is sent by a Section Editor to remind a reviewer that their review is due.'),('REVIEW_REQUEST','en_US','Article Review Request','{$reviewerName}:<br />\n<br />\nI believe that you would serve as an excellent reviewer of the manuscript, &quot;{$submissionTitle},&quot; which has been submitted to {$contextName}. The submission\'s abstract is inserted below, and I hope that you will consider undertaking this important task for us.<br />\n<br />\nPlease log into the journal web site by {$responseDueDate} to indicate whether you will undertake the review or not, as well as to access the submission and to record your review and recommendation. The web site is {$contextUrl}<br />\n<br />\nThe review itself is due {$reviewDueDate}.<br />\n<br />\nIf you do not have your username and password for the journal\'s web site, you can use this link to reset your password (which will then be emailed to you along with your username). {$passwordResetUrl}<br />\n<br />\nSubmission URL: {$submissionReviewUrl}<br />\n<br />\nThank you for considering this request.<br />\n<br />\n{$editorialContactSignature}<br />\n<br />\n&quot;{$submissionTitle}&quot;<br />\n<br />\n{$submissionAbstract}','This email from the Section Editor to a Reviewer requests that the reviewer accept or decline the task of reviewing a submission. It provides information about the submission such as the title and abstract, a review due date, and how to access the submission itself. This message is used when the Standard Review Process is selected in Management > Settings > Workflow > Review. (Otherwise see REVIEW_REQUEST_ATTACHED.)'),('REVIEW_REQUEST_ATTACHED','en_US','Article Review Request','{$reviewerName}:<br />\n<br />\nI believe that you would serve as an excellent reviewer of the manuscript, &quot;{$submissionTitle},&quot; and I am asking that you consider undertaking this important task for us. The Review Guidelines for this journal are appended below, and the submission is attached to this email. Your review of the submission, along with your recommendation, should be emailed to me by {$reviewDueDate}.<br />\n<br />\nPlease indicate in a return email by {$responseDueDate} whether you are able and willing to do the review.<br />\n<br />\nThank you for considering this request.<br />\n<br />\n{$editorialContactSignature}<br />\n<br />\n<br />\nReview Guidelines<br />\n<br />\n{$reviewGuidelines}<br />\n','This email is sent by the Section Editor to a Reviewer to request that they accept or decline the task of reviewing a submission. It includes the submission as an attachment. This message is used when the Email-Attachment Review Process is selected in Management > Settings > Workflow > Review. (Otherwise see REVIEW_REQUEST.)'),('REVIEW_REQUEST_ATTACHED_SUBSEQUENT','en_US','Article Review Request','{$reviewerName}:<br />\n<br />\nThis regards the manuscript &quot;{$submissionTitle},&quot; which is under consideration by {$contextName}.<br />\n<br />\nFollowing the review of the previous version of the manuscript, the authors have now submitted a revised version of their paper. We would appreciate it if you could help evaluate it.<br />\n<br />\nThe Review Guidelines for this journal are appended below, and the submission is attached to this email. Your review of the submission, along with your recommendation, should be emailed to me by {$reviewDueDate}.<br />\n<br />\nPlease indicate in a return email by {$responseDueDate} whether you are able and willing to do the review.<br />\n<br />\nThank you for considering this request.<br />\n<br />\n{$editorialContactSignature}<br />\n<br />\n<br />\nReview Guidelines<br />\n<br />\n{$reviewGuidelines}<br />\n','This email is sent by the Section Editor to a Reviewer to request that they accept or decline the task of reviewing a submission for a second or greater round of review. It includes the submission as an attachment. This message is used when the Email-Attachment Review Process is selected in Management > Settings > Workflow > Review. (Otherwise see REVIEW_REQUEST_SUBSEQUENT.)'),('REVIEW_REQUEST_ONECLICK','en_US','Article Review Request','{$reviewerName}:<br />\n<br />\nI believe that you would serve as an excellent reviewer of the manuscript, &quot;{$submissionTitle},&quot; which has been submitted to {$contextName}. The submission\'s abstract is inserted below, and I hope that you will consider undertaking this important task for us.<br />\n<br />\nPlease log into the journal web site by {$responseDueDate} to indicate whether you will undertake the review or not, as well as to access the submission and to record your review and recommendation.<br />\n<br />\nThe review itself is due {$reviewDueDate}.<br />\n<br />\nSubmission URL: {$submissionReviewUrl}<br />\n<br />\nThank you for considering this request.<br />\n<br />\n{$editorialContactSignature}<br />\n<br />\n&quot;{$submissionTitle}&quot;<br />\n<br />\n{$submissionAbstract}','This email from the Section Editor to a Reviewer requests that the reviewer accept or decline the task of reviewing a submission. It provides information about the submission such as the title and abstract, a review due date, and how to access the submission itself. This message is used when the Standard Review Process is selected in Management > Settings > Workflow > Review, and one-click reviewer access is enabled.'),('REVIEW_REQUEST_ONECLICK_SUBSEQUENT','en_US','Article Review Request','{$reviewerName}:<br />\n<br />\nThis regards the manuscript &quot;{$submissionTitle},&quot; which is under consideration by {$contextName}.<br />\n<br />\nFollowing the review of the previous version of the manuscript, the authors have now submitted a revised version of their paper. We would appreciate it if you could help evaluate it.<br />\n<br />\nPlease log into the journal web site by {$responseDueDate} to indicate whether you will undertake the review or not, as well as to access the submission and to record your review and recommendation.<br />\n<br />\nThe review itself is due {$reviewDueDate}.<br />\n<br />\nSubmission URL: {$submissionReviewUrl}<br />\n<br />\nThank you for considering this request.<br />\n<br />\n{$editorialContactSignature}<br />\n<br />\n&quot;{$submissionTitle}&quot;<br />\n<br />\n{$submissionAbstract}','This email from the Section Editor to a Reviewer requests that the reviewer accept or decline the task of reviewing a submission for a second or greater round of review. It provides information about the submission such as the title and abstract, a review due date, and how to access the submission itself. This message is used when the Standard Review Process is selected in Management > Settings > Workflow > Review, and one-click reviewer access is enabled.'),('REVIEW_REQUEST_REMIND_AUTO','en_US','Article Review Request Reminder','{$reviewerName}:<br />\nJust a gentle reminder of our request for your review of the submission, &quot;{$submissionTitle},&quot; for {$contextName}. We were hoping to have your response by {$responseDueDate}, and this email has been automatically generated and sent with the passing of that date.\n<br />\nI believe that you would serve as an excellent reviewer of the manuscript. The submission\'s abstract is inserted below, and I hope that you will consider undertaking this important task for us.<br />\n<br />\nPlease log into the journal web site to indicate whether you will undertake the review or not, as well as to access the submission and to record your review and recommendation. The web site is {$contextUrl}<br />\n<br />\nThe review itself is due {$reviewDueDate}.<br />\n<br />\nIf you do not have your username and password for the journal\'s web site, you can use this link to reset your password (which will then be emailed to you along with your username). {$passwordResetUrl}<br />\n<br />\nSubmission URL: {$submissionReviewUrl}<br />\n<br />\nThank you for considering this request.<br />\n<br />\n{$editorialContactSignature}<br />\n<br />\n&quot;{$submissionTitle}&quot;<br />\n<br />\n{$submissionAbstract}','This email is automatically sent when a reviewer\'s confirmation due date elapses (see Review Options under Settings > Workflow > Review) and one-click reviewer access is disabled. Scheduled tasks must be enabled and configured (see the site configuration file).'),('REVIEW_REQUEST_REMIND_AUTO_ONECLICK','en_US','Article Review Request','{$reviewerName}:<br />\nJust a gentle reminder of our request for your review of the submission, &quot;{$submissionTitle},&quot; for {$contextName}. We were hoping to have your response by {$responseDueDate}, and this email has been automatically generated and sent with the passing of that date.\n<br />\nI believe that you would serve as an excellent reviewer of the manuscript. The submission\'s abstract is inserted below, and I hope that you will consider undertaking this important task for us.<br />\n<br />\nPlease log into the journal web site to indicate whether you will undertake the review or not, as well as to access the submission and to record your review and recommendation.<br />\n<br />\nThe review itself is due {$reviewDueDate}.<br />\n<br />\nSubmission URL: {$submissionReviewUrl}<br />\n<br />\nThank you for considering this request.<br />\n<br />\n{$editorialContactSignature}<br />\n<br />\n&quot;{$submissionTitle}&quot;<br />\n<br />\n{$submissionAbstract}','This email is automatically sent when a reviewer\'s confirmation due date elapses (see Review Options under Settings > Workflow > Review) and one-click reviewer access is enabled. Scheduled tasks must be enabled and configured (see the site configuration file).'),('REVIEW_REQUEST_SUBSEQUENT','en_US','Article Review Request','{$reviewerName}:<br />\n<br />\nThis regards the manuscript &quot;{$submissionTitle},&quot; which is under consideration by {$contextName}.<br />\n<br />\nFollowing the review of the previous version of the manuscript, the authors have now submitted a revised version of their paper. We would appreciate it if you could help evaluate it.<br />\n<br />\nPlease log into the journal web site by {$responseDueDate} to indicate whether you will undertake the review or not, as well as to access the submission and to record your review and recommendation. The web site is {$contextUrl}<br />\n<br />\nThe review itself is due {$reviewDueDate}.<br />\n<br />\nIf you do not have your username and password for the journal\'s web site, you can use this link to reset your password (which will then be emailed to you along with your username). {$passwordResetUrl}<br />\n<br />\nSubmission URL: {$submissionReviewUrl}<br />\n<br />\nThank you for considering this request.<br />\n<br />\n{$editorialContactSignature}<br />\n<br />\n&quot;{$submissionTitle}&quot;<br />\n<br />\n{$submissionAbstract}','This email from the Section Editor to a Reviewer requests that the reviewer accept or decline the task of reviewing a submission for a second or greater round of review. It provides information about the submission such as the title and abstract, a review due date, and how to access the submission itself. This message is used when the Standard Review Process is selected in Management > Settings > Workflow > Review. (Otherwise see REVIEW_REQUEST_ATTACHED_SUBSEQUENT.)'),('REVISED_VERSION_NOTIFY','en_US','Revised Version Uploaded','Editors:<br />\n<br />\nA revised version of &quot;{$submissionTitle}&quot; has been uploaded by the author {$authorName}.<br />\n<br />\nSubmission URL: {$submissionUrl}<br />\n<br />\n{$editorialContactSignature}','This email is automatically sent to the assigned editor when author uploads a revised version of an article.'),('STATISTICS_REPORT_NOTIFICATION','en_US','Editorial activity for {$month}, {$year}','\n{$name}, <br />\n<br />\nYour journal health report for {$month}, {$year} is now available. Your key stats for this month are below.<br />\n<ul>\n	<li>New submissions this month: {$newSubmissions}</li>\n	<li>Declined submissions this month: {$declinedSubmissions}</li>\n	<li>Accepted submissions this month: {$acceptedSubmissions}</li>\n	<li>Total submissions in the system: {$totalSubmissions}</li>\n</ul>\nLogin to the journal to view more detailed <a href=\"{$editorialStatsLink}\">editorial trends</a> and <a href=\"{$publicationStatsLink}\">published article stats</a>. A full copy of this month\'s editorial trends is attached.<br />\n<br />\nSincerely,<br />\n{$principalContactSignature}','This email is automatically sent monthly to editors and journal managers to provide them a system health overview.'),('SUBMISSION_ACK','en_US','Submission Acknowledgement','{$authorName}:<br />\n<br />\nThank you for submitting the manuscript, &quot;{$submissionTitle}&quot; to {$contextName}. With the online journal management system that we are using, you will be able to track its progress through the editorial process by logging in to the journal web site:<br />\n<br />\nSubmission URL: {$submissionUrl}<br />\nUsername: {$authorUsername}<br />\n<br />\nIf you have any questions, please contact me. Thank you for considering this journal as a venue for your work.<br />\n<br />\n{$editorialContactSignature}','This email, when enabled, is automatically sent to an author when they complete the process of submitting a manuscript to the journal. It provides information about tracking the submission through the process and thanks the author for the submission.'),('SUBMISSION_ACK_NOT_USER','en_US','Submission Acknowledgement','Hello,<br />\n<br />\n{$submitterName} has submitted the manuscript, &quot;{$submissionTitle}&quot; to {$contextName}. <br />\n<br />\nIf you have any questions, please contact me. Thank you for considering this journal as a venue for your work.<br />\n<br />\n{$editorialContactSignature}','This email, when enabled, is automatically sent to the other authors who are not users within OJS specified during the submission process.'),('SUBSCRIPTION_AFTER_EXPIRY','en_US','Subscription Expired','{$subscriberName}:<br />\n<br />\nYour {$contextName} subscription has expired.<br />\n<br />\n{$subscriptionType}<br />\nExpiry date: {$expiryDate}<br />\n<br />\nTo renew your subscription, please go to the journal website. You are able to log in to the system with your username, &quot;{$username}&quot;.<br />\n<br />\nIf you have any questions, please feel free to contact me.<br />\n<br />\n{$subscriptionContactSignature}','This email notifies a subscriber that their subscription has expired. It provides the journal\'s URL along with instructions for access.'),('SUBSCRIPTION_AFTER_EXPIRY_LAST','en_US','Subscription Expired - Final Reminder','{$subscriberName}:<br />\n<br />\nYour {$contextName} subscription has expired.<br />\nPlease note that this is the final reminder that will be emailed to you.<br />\n<br />\n{$subscriptionType}<br />\nExpiry date: {$expiryDate}<br />\n<br />\nTo renew your subscription, please go to the journal website. You are able to log in to the system with your username, &quot;{$username}&quot;.<br />\n<br />\nIf you have any questions, please feel free to contact me.<br />\n<br />\n{$subscriptionContactSignature}','This email notifies a subscriber that their subscription has expired. It provides the journal\'s URL along with instructions for access.'),('SUBSCRIPTION_BEFORE_EXPIRY','en_US','Notice of Subscription Expiry','{$subscriberName}:<br />\n<br />\nYour {$contextName} subscription is about to expire.<br />\n<br />\n{$subscriptionType}<br />\nExpiry date: {$expiryDate}<br />\n<br />\nTo ensure the continuity of your access to this journal, please go to the journal website and renew your subscription. You are able to log in to the system with your username, &quot;{$username}&quot;.<br />\n<br />\nIf you have any questions, please feel free to contact me.<br />\n<br />\n{$subscriptionContactSignature}','This email notifies a subscriber that their subscription will soon expire. It provides the journal\'s URL along with instructions for access.'),('SUBSCRIPTION_NOTIFY','en_US','Subscription Notification','{$subscriberName}:<br />\n<br />\nYou have now been registered as a subscriber in our online journal management system for {$contextName}, with the following subscription:<br />\n<br />\n{$subscriptionType}<br />\n<br />\nTo access content that is available only to subscribers, simply log in to the system with your username, &quot;{$username}&quot;.<br />\n<br />\nOnce you have logged in to the system you can change your profile details and password at any point.<br />\n<br />\nPlease note that if you have an institutional subscription, there is no need for users at your institution to log in, since requests for subscription content will be automatically authenticated by the system.<br />\n<br />\nIf you have any questions, please feel free to contact me.<br />\n<br />\n{$subscriptionContactSignature}','This email notifies a registered reader that the Manager has created a subscription for them. It provides the journal\'s URL along with instructions for access.'),('SUBSCRIPTION_PURCHASE_INDL','en_US','Subscription Purchase: Individual','An individual subscription has been purchased online for {$contextName} with the following details.<br />\n<br />\nSubscription Type:<br />\n{$subscriptionType}<br />\n<br />\nUser:<br />\n{$userDetails}<br />\n<br />\nMembership Information (if provided):<br />\n{$membership}<br />\n<br />\nTo view or edit this subscription, please use the following URL.<br />\n<br />\nSubscription URL: {$subscriptionUrl}<br />\n','This email notifies the Subscription Manager that an individual subscription has been purchased online. It provides summary information about the subscription and a quick access link to the purchased subscription.'),('SUBSCRIPTION_PURCHASE_INSTL','en_US','Subscription Purchase: Institutional','An institutional subscription has been purchased online for {$contextName} with the following details. To activate this subscription, please use the provided Subscription URL and set the subscription status to \'Active\'.<br />\n<br />\nSubscription Type:<br />\n{$subscriptionType}<br />\n<br />\nInstitution:<br />\n{$institutionName}<br />\n{$institutionMailingAddress}<br />\n<br />\nDomain (if provided):<br />\n{$domain}<br />\n<br />\nIP Ranges (if provided):<br />\n{$ipRanges}<br />\n<br />\nContact Person:<br />\n{$userDetails}<br />\n<br />\nMembership Information (if provided):<br />\n{$membership}<br />\n<br />\nTo view or edit this subscription, please use the following URL.<br />\n<br />\nSubscription URL: {$subscriptionUrl}<br />\n','This email notifies the Subscription Manager that an institutional subscription has been purchased online. It provides summary information about the subscription and a quick access link to the purchased subscription.'),('SUBSCRIPTION_RENEW_INDL','en_US','Subscription Renewal: Individual','An individual subscription has been renewed online for {$contextName} with the following details.<br />\n<br />\nSubscription Type:<br />\n{$subscriptionType}<br />\n<br />\nUser:<br />\n{$userDetails}<br />\n<br />\nMembership Information (if provided):<br />\n{$membership}<br />\n<br />\nTo view or edit this subscription, please use the following URL.<br />\n<br />\nSubscription URL: {$subscriptionUrl}<br />\n','This email notifies the Subscription Manager that an individual subscription has been renewed online. It provides summary information about the subscription and a quick access link to the renewed subscription.'),('SUBSCRIPTION_RENEW_INSTL','en_US','Subscription Renewal: Institutional','An institutional subscription has been renewed online for {$contextName} with the following details.<br />\n<br />\nSubscription Type:<br />\n{$subscriptionType}<br />\n<br />\nInstitution:<br />\n{$institutionName}<br />\n{$institutionMailingAddress}<br />\n<br />\nDomain (if provided):<br />\n{$domain}<br />\n<br />\nIP Ranges (if provided):<br />\n{$ipRanges}<br />\n<br />\nContact Person:<br />\n{$userDetails}<br />\n<br />\nMembership Information (if provided):<br />\n{$membership}<br />\n<br />\nTo view or edit this subscription, please use the following URL.<br />\n<br />\nSubscription URL: {$subscriptionUrl}<br />\n','This email notifies the Subscription Manager that an institutional subscription has been renewed online. It provides summary information about the subscription and a quick access link to the renewed subscription.'),('USER_REGISTER','en_US','Journal Registration','{$userFullName}<br />\n<br />\nYou have now been registered as a user with {$contextName}. We have included your username and password in this email, which are needed for all work with this journal through its website. At any point, you can ask to be removed from the journal\'s list of users by contacting me.<br />\n<br />\nUsername: {$username}<br />\nPassword: {$password}<br />\n<br />\nThank you,<br />\n{$principalContactSignature}','This email is sent to a newly registered user to welcome them to the system and provide them with a record of their username and password.'),('USER_VALIDATE','en_US','Validate Your Account','{$userFullName}<br />\n<br />\nYou have created an account with {$contextName}, but before you can start using it, you need to validate your email account. To do this, simply follow the link below:<br />\n<br />\n{$activateUrl}<br />\n<br />\nThank you,<br />\n{$principalContactSignature}','This email is sent to a newly registered user to validate their email account.');
/*!40000 ALTER TABLE `email_templates_default_data` ENABLE KEYS */;
UNLOCK TABLES;

--
-- Table structure for table `email_templates_settings`
--

DROP TABLE IF EXISTS `email_templates_settings`;
/*!40101 SET @saved_cs_client     = @@character_set_client */;
/*!40101 SET character_set_client = utf8 */;
CREATE TABLE `email_templates_settings` (
  `email_id` bigint(20) NOT NULL,
  `locale` varchar(14) NOT NULL DEFAULT '',
  `setting_name` varchar(255) NOT NULL,
  `setting_value` text DEFAULT NULL,
  UNIQUE KEY `email_settings_pkey` (`email_id`,`locale`,`setting_name`),
  KEY `email_settings_email_id` (`email_id`)
) ENGINE=InnoDB DEFAULT CHARSET=utf8mb3 COLLATE=utf8mb3_general_ci;
/*!40101 SET character_set_client = @saved_cs_client */;

--
-- Dumping data for table `email_templates_settings`
--

LOCK TABLES `email_templates_settings` WRITE;
/*!40000 ALTER TABLE `email_templates_settings` DISABLE KEYS */;
/*!40000 ALTER TABLE `email_templates_settings` ENABLE KEYS */;
UNLOCK TABLES;

--
-- Table structure for table `event_log`
--

DROP TABLE IF EXISTS `event_log`;
/*!40101 SET @saved_cs_client     = @@character_set_client */;
/*!40101 SET character_set_client = utf8 */;
CREATE TABLE `event_log` (
  `log_id` bigint(20) NOT NULL AUTO_INCREMENT,
  `assoc_type` bigint(20) NOT NULL,
  `assoc_id` bigint(20) NOT NULL,
  `user_id` bigint(20) NOT NULL,
  `date_logged` datetime NOT NULL,
  `event_type` bigint(20) DEFAULT NULL,
  `message` text DEFAULT NULL,
  `is_translated` smallint(6) DEFAULT NULL,
  PRIMARY KEY (`log_id`),
  KEY `event_log_assoc` (`assoc_type`,`assoc_id`)
) ENGINE=InnoDB DEFAULT CHARSET=utf8mb3 COLLATE=utf8mb3_general_ci;
/*!40101 SET character_set_client = @saved_cs_client */;

--
-- Dumping data for table `event_log`
--

LOCK TABLES `event_log` WRITE;
/*!40000 ALTER TABLE `event_log` DISABLE KEYS */;
/*!40000 ALTER TABLE `event_log` ENABLE KEYS */;
UNLOCK TABLES;

--
-- Table structure for table `event_log_settings`
--

DROP TABLE IF EXISTS `event_log_settings`;
/*!40101 SET @saved_cs_client     = @@character_set_client */;
/*!40101 SET character_set_client = utf8 */;
CREATE TABLE `event_log_settings` (
  `log_id` bigint(20) NOT NULL,
  `setting_name` varchar(255) NOT NULL,
  `setting_value` text DEFAULT NULL,
  `setting_type` varchar(6) NOT NULL COMMENT '(bool|int|float|string|object)',
  UNIQUE KEY `event_log_settings_pkey` (`log_id`,`setting_name`),
  KEY `event_log_settings_log_id` (`log_id`),
  KEY `event_log_settings_name_value` (`setting_name`(50),`setting_value`(150))
) ENGINE=InnoDB DEFAULT CHARSET=utf8mb3 COLLATE=utf8mb3_general_ci;
/*!40101 SET character_set_client = @saved_cs_client */;

--
-- Dumping data for table `event_log_settings`
--

LOCK TABLES `event_log_settings` WRITE;
/*!40000 ALTER TABLE `event_log_settings` DISABLE KEYS */;
/*!40000 ALTER TABLE `event_log_settings` ENABLE KEYS */;
UNLOCK TABLES;

--
-- Table structure for table `files`
--

DROP TABLE IF EXISTS `files`;
/*!40101 SET @saved_cs_client     = @@character_set_client */;
/*!40101 SET character_set_client = utf8 */;
CREATE TABLE `files` (
  `file_id` bigint(20) unsigned NOT NULL AUTO_INCREMENT,
  `path` varchar(255) NOT NULL,
  `mimetype` varchar(255) NOT NULL,
  PRIMARY KEY (`file_id`)
) ENGINE=InnoDB DEFAULT CHARSET=utf8mb3 COLLATE=utf8mb3_general_ci;
/*!40101 SET character_set_client = @saved_cs_client */;

--
-- Dumping data for table `files`
--

LOCK TABLES `files` WRITE;
/*!40000 ALTER TABLE `files` DISABLE KEYS */;
/*!40000 ALTER TABLE `files` ENABLE KEYS */;
UNLOCK TABLES;

--
-- Table structure for table `filter_groups`
--

DROP TABLE IF EXISTS `filter_groups`;
/*!40101 SET @saved_cs_client     = @@character_set_client */;
/*!40101 SET character_set_client = utf8 */;
CREATE TABLE `filter_groups` (
  `filter_group_id` bigint(20) NOT NULL AUTO_INCREMENT,
  `symbolic` varchar(255) DEFAULT NULL,
  `display_name` varchar(255) DEFAULT NULL,
  `description` varchar(255) DEFAULT NULL,
  `input_type` varchar(255) DEFAULT NULL,
  `output_type` varchar(255) DEFAULT NULL,
  PRIMARY KEY (`filter_group_id`),
  UNIQUE KEY `filter_groups_symbolic` (`symbolic`)
) ENGINE=InnoDB AUTO_INCREMENT=28 DEFAULT CHARSET=utf8mb3 COLLATE=utf8mb3_general_ci;
/*!40101 SET character_set_client = @saved_cs_client */;

--
-- Dumping data for table `filter_groups`
--

LOCK TABLES `filter_groups` WRITE;
/*!40000 ALTER TABLE `filter_groups` DISABLE KEYS */;
INSERT INTO `filter_groups` VALUES (1,'article=>dc11','plugins.metadata.dc11.articleAdapter.displayName','plugins.metadata.dc11.articleAdapter.description','class::classes.submission.Submission','metadata::plugins.metadata.dc11.schema.Dc11Schema(ARTICLE)'),(2,'article=>doaj-xml','plugins.importexport.doaj.displayName','plugins.importexport.doaj.description','class::classes.submission.Submission[]','xml::schema(plugins/importexport/doaj/doajArticles.xsd)'),(3,'article=>doaj-json','plugins.importexport.doaj.displayName','plugins.importexport.doaj.description','class::classes.submission.Submission','primitive::string'),(4,'issue=>crossref-xml','plugins.importexport.crossref.displayName','plugins.importexport.crossref.description','class::classes.issue.Issue[]','xml::schema(https://www.crossref.org/schemas/crossref4.3.6.xsd)'),(5,'article=>crossref-xml','plugins.importexport.crossref.displayName','plugins.importexport.crossref.description','class::classes.submission.Submission[]','xml::schema(https://www.crossref.org/schemas/crossref4.3.6.xsd)'),(6,'user=>user-xml','plugins.importexport.users.displayName','plugins.importexport.users.description','class::lib.pkp.classes.user.User[]','xml::schema(lib/pkp/plugins/importexport/users/pkp-users.xsd)'),(7,'user-xml=>user','plugins.importexport.users.displayName','plugins.importexport.users.description','xml::schema(lib/pkp/plugins/importexport/users/pkp-users.xsd)','class::classes.users.User[]'),(8,'usergroup=>user-xml','plugins.importexport.users.displayName','plugins.importexport.users.description','class::lib.pkp.classes.security.UserGroup[]','xml::schema(lib/pkp/plugins/importexport/users/pkp-users.xsd)'),(9,'user-xml=>usergroup','plugins.importexport.native.displayName','plugins.importexport.native.description','xml::schema(lib/pkp/plugins/importexport/users/pkp-users.xsd)','class::lib.pkp.classes.security.UserGroup[]'),(10,'article=>pubmed-xml','plugins.importexport.pubmed.displayName','plugins.importexport.pubmed.description','class::classes.submission.Submission[]','xml::dtd'),(11,'article=>native-xml','plugins.importexport.native.displayName','plugins.importexport.native.description','class::classes.submission.Submission[]','xml::schema(plugins/importexport/native/native.xsd)'),(12,'native-xml=>article','plugins.importexport.native.displayName','plugins.importexport.native.description','xml::schema(plugins/importexport/native/native.xsd)','class::classes.submission.Submission[]'),(13,'issue=>native-xml','plugins.importexport.native.displayName','plugins.importexport.native.description','class::classes.issue.Issue[]','xml::schema(plugins/importexport/native/native.xsd)'),(14,'native-xml=>issue','plugins.importexport.native.displayName','plugins.importexport.native.description','xml::schema(plugins/importexport/native/native.xsd)','class::classes.issue.Issue[]'),(15,'issuegalley=>native-xml','plugins.importexport.native.displayName','plugins.importexport.native.description','class::classes.issue.IssueGalley[]','xml::schema(plugins/importexport/native/native.xsd)'),(16,'native-xml=>issuegalley','plugins.importexport.native.displayName','plugins.importexport.native.description','xml::schema(plugins/importexport/native/native.xsd)','class::classes.issue.IssueGalley[]'),(17,'author=>native-xml','plugins.importexport.native.displayName','plugins.importexport.native.description','class::classes.article.Author[]','xml::schema(plugins/importexport/native/native.xsd)'),(18,'native-xml=>author','plugins.importexport.native.displayName','plugins.importexport.native.description','xml::schema(plugins/importexport/native/native.xsd)','class::classes.article.Author[]'),(19,'SubmissionFile=>native-xml','plugins.importexport.native.displayName','plugins.importexport.native.description','class::lib.pkp.classes.submission.SubmissionFile','xml::schema(plugins/importexport/native/native.xsd)'),(20,'native-xml=>SubmissionFile','plugins.importexport.native.displayName','plugins.importexport.native.description','xml::schema(plugins/importexport/native/native.xsd)','class::lib.pkp.classes.submission.SubmissionFile'),(21,'article-galley=>native-xml','plugins.importexport.native.displayName','plugins.importexport.native.description','class::classes.article.ArticleGalley','xml::schema(plugins/importexport/native/native.xsd)'),(22,'native-xml=>ArticleGalley','plugins.importexport.native.displayName','plugins.importexport.native.description','xml::schema(plugins/importexport/native/native.xsd)','class::classes.article.ArticleGalley[]'),(23,'publication=>native-xml','plugins.importexport.native.displayName','plugins.importexport.native.description','class::classes.publication.Publication','xml::schema(plugins/importexport/native/native.xsd)'),(24,'native-xml=>Publication','plugins.importexport.native.displayName','plugins.importexport.native.description','xml::schema(plugins/importexport/native/native.xsd)','class::classes.publication.Publication'),(25,'issue=>datacite-xml','plugins.importexport.datacite.displayName','plugins.importexport.datacite.description','class::classes.issue.Issue','xml::schema(http://schema.datacite.org/meta/kernel-4/metadata.xsd)'),(26,'article=>datacite-xml','plugins.importexport.datacite.displayName','plugins.importexport.datacite.description','class::classes.submission.Submission','xml::schema(http://schema.datacite.org/meta/kernel-4/metadata.xsd)'),(27,'galley=>datacite-xml','plugins.importexport.datacite.displayName','plugins.importexport.datacite.description','class::classes.article.ArticleGalley','xml::schema(http://schema.datacite.org/meta/kernel-4/metadata.xsd)');
/*!40000 ALTER TABLE `filter_groups` ENABLE KEYS */;
UNLOCK TABLES;

--
-- Table structure for table `filter_settings`
--

DROP TABLE IF EXISTS `filter_settings`;
/*!40101 SET @saved_cs_client     = @@character_set_client */;
/*!40101 SET character_set_client = utf8 */;
CREATE TABLE `filter_settings` (
  `filter_id` bigint(20) NOT NULL,
  `locale` varchar(14) NOT NULL DEFAULT '',
  `setting_name` varchar(255) NOT NULL,
  `setting_value` text DEFAULT NULL,
  `setting_type` varchar(6) NOT NULL,
  UNIQUE KEY `filter_settings_pkey` (`filter_id`,`locale`,`setting_name`),
  KEY `filter_settings_id` (`filter_id`)
) ENGINE=InnoDB DEFAULT CHARSET=utf8mb3 COLLATE=utf8mb3_general_ci;
/*!40101 SET character_set_client = @saved_cs_client */;

--
-- Dumping data for table `filter_settings`
--

LOCK TABLES `filter_settings` WRITE;
/*!40000 ALTER TABLE `filter_settings` DISABLE KEYS */;
/*!40000 ALTER TABLE `filter_settings` ENABLE KEYS */;
UNLOCK TABLES;

--
-- Table structure for table `filters`
--

DROP TABLE IF EXISTS `filters`;
/*!40101 SET @saved_cs_client     = @@character_set_client */;
/*!40101 SET character_set_client = utf8 */;
CREATE TABLE `filters` (
  `filter_id` bigint(20) NOT NULL AUTO_INCREMENT,
  `filter_group_id` bigint(20) NOT NULL DEFAULT 0,
  `context_id` bigint(20) NOT NULL DEFAULT 0,
  `display_name` varchar(255) DEFAULT NULL,
  `class_name` varchar(255) DEFAULT NULL,
  `is_template` smallint(6) NOT NULL DEFAULT 0,
  `parent_filter_id` bigint(20) NOT NULL DEFAULT 0,
  `seq` bigint(20) NOT NULL DEFAULT 0,
  PRIMARY KEY (`filter_id`)
) ENGINE=InnoDB AUTO_INCREMENT=28 DEFAULT CHARSET=utf8mb3 COLLATE=utf8mb3_general_ci;
/*!40101 SET character_set_client = @saved_cs_client */;

--
-- Dumping data for table `filters`
--

LOCK TABLES `filters` WRITE;
/*!40000 ALTER TABLE `filters` DISABLE KEYS */;
INSERT INTO `filters` VALUES (1,1,0,'Extract metadata from a(n) Submission','plugins.metadata.dc11.filter.Dc11SchemaArticleAdapter',0,0,0),(2,2,0,'DOAJ XML export','plugins.importexport.doaj.filter.DOAJXmlFilter',0,0,0),(3,3,0,'DOAJ JSON export','plugins.importexport.doaj.filter.DOAJJsonFilter',0,0,0),(4,4,0,'Crossref XML issue export','plugins.importexport.crossref.filter.IssueCrossrefXmlFilter',0,0,0),(5,5,0,'Crossref XML issue export','plugins.importexport.crossref.filter.ArticleCrossrefXmlFilter',0,0,0),(6,6,0,'User XML user export','lib.pkp.plugins.importexport.users.filter.PKPUserUserXmlFilter',0,0,0),(7,7,0,'User XML user import','lib.pkp.plugins.importexport.users.filter.UserXmlPKPUserFilter',0,0,0),(8,8,0,'Native XML user group export','lib.pkp.plugins.importexport.users.filter.UserGroupNativeXmlFilter',0,0,0),(9,9,0,'Native XML user group import','lib.pkp.plugins.importexport.users.filter.NativeXmlUserGroupFilter',0,0,0),(10,10,0,'ArticlePubMedXmlFilter','plugins.importexport.pubmed.filter.ArticlePubMedXmlFilter',0,0,0),(11,11,0,'Native XML submission export','plugins.importexport.native.filter.ArticleNativeXmlFilter',0,0,0),(12,12,0,'Native XML submission import','plugins.importexport.native.filter.NativeXmlArticleFilter',0,0,0),(13,13,0,'Native XML issue export','plugins.importexport.native.filter.IssueNativeXmlFilter',0,0,0),(14,14,0,'Native XML issue import','plugins.importexport.native.filter.NativeXmlIssueFilter',0,0,0),(15,15,0,'Native XML issue galley export','plugins.importexport.native.filter.IssueGalleyNativeXmlFilter',0,0,0),(16,16,0,'Native XML issue galley import','plugins.importexport.native.filter.NativeXmlIssueGalleyFilter',0,0,0),(17,17,0,'Native XML author export','plugins.importexport.native.filter.AuthorNativeXmlFilter',0,0,0),(18,18,0,'Native XML author import','plugins.importexport.native.filter.NativeXmlAuthorFilter',0,0,0),(19,20,0,'Native XML submission file import','plugins.importexport.native.filter.NativeXmlArticleFileFilter',0,0,0),(20,19,0,'Native XML submission file export','lib.pkp.plugins.importexport.native.filter.SubmissionFileNativeXmlFilter',0,0,0),(21,21,0,'Native XML representation export','plugins.importexport.native.filter.ArticleGalleyNativeXmlFilter',0,0,0),(22,22,0,'Native XML representation import','plugins.importexport.native.filter.NativeXmlArticleGalleyFilter',0,0,0),(23,23,0,'Native XML Publication export','plugins.importexport.native.filter.PublicationNativeXmlFilter',0,0,0),(24,24,0,'Native XML publication import','plugins.importexport.native.filter.NativeXmlPublicationFilter',0,0,0),(25,25,0,'DataCite XML export','plugins.importexport.datacite.filter.DataciteXmlFilter',0,0,0),(26,26,0,'DataCite XML export','plugins.importexport.datacite.filter.DataciteXmlFilter',0,0,0),(27,27,0,'DataCite XML export','plugins.importexport.datacite.filter.DataciteXmlFilter',0,0,0);
/*!40000 ALTER TABLE `filters` ENABLE KEYS */;
UNLOCK TABLES;

--
-- Table structure for table `genre_settings`
--

DROP TABLE IF EXISTS `genre_settings`;
/*!40101 SET @saved_cs_client     = @@character_set_client */;
/*!40101 SET character_set_client = utf8 */;
CREATE TABLE `genre_settings` (
  `genre_id` bigint(20) NOT NULL,
  `locale` varchar(14) NOT NULL DEFAULT '',
  `setting_name` varchar(255) NOT NULL,
  `setting_value` text DEFAULT NULL,
  `setting_type` varchar(6) NOT NULL COMMENT '(bool|int|float|string|object)',
  UNIQUE KEY `genre_settings_pkey` (`genre_id`,`locale`,`setting_name`),
  KEY `genre_settings_genre_id` (`genre_id`)
) ENGINE=InnoDB DEFAULT CHARSET=utf8mb3 COLLATE=utf8mb3_general_ci;
/*!40101 SET character_set_client = @saved_cs_client */;

--
-- Dumping data for table `genre_settings`
--

LOCK TABLES `genre_settings` WRITE;
/*!40000 ALTER TABLE `genre_settings` DISABLE KEYS */;
/*!40000 ALTER TABLE `genre_settings` ENABLE KEYS */;
UNLOCK TABLES;

--
-- Table structure for table `genres`
--

DROP TABLE IF EXISTS `genres`;
/*!40101 SET @saved_cs_client     = @@character_set_client */;
/*!40101 SET character_set_client = utf8 */;
CREATE TABLE `genres` (
  `genre_id` bigint(20) NOT NULL AUTO_INCREMENT,
  `context_id` bigint(20) NOT NULL,
  `seq` bigint(20) NOT NULL,
  `enabled` smallint(6) NOT NULL DEFAULT 1,
  `category` bigint(20) NOT NULL DEFAULT 1,
  `dependent` smallint(6) NOT NULL DEFAULT 0,
  `supplementary` smallint(6) NOT NULL DEFAULT 0,
  `entry_key` varchar(30) DEFAULT NULL,
  PRIMARY KEY (`genre_id`)
) ENGINE=InnoDB DEFAULT CHARSET=utf8mb3 COLLATE=utf8mb3_general_ci;
/*!40101 SET character_set_client = @saved_cs_client */;

--
-- Dumping data for table `genres`
--

LOCK TABLES `genres` WRITE;
/*!40000 ALTER TABLE `genres` DISABLE KEYS */;
/*!40000 ALTER TABLE `genres` ENABLE KEYS */;
UNLOCK TABLES;

--
-- Table structure for table `institutional_subscription_ip`
--

DROP TABLE IF EXISTS `institutional_subscription_ip`;
/*!40101 SET @saved_cs_client     = @@character_set_client */;
/*!40101 SET character_set_client = utf8 */;
CREATE TABLE `institutional_subscription_ip` (
  `institutional_subscription_ip_id` bigint(20) NOT NULL AUTO_INCREMENT,
  `subscription_id` bigint(20) NOT NULL,
  `ip_string` varchar(40) NOT NULL,
  `ip_start` bigint(20) NOT NULL,
  `ip_end` bigint(20) DEFAULT NULL,
  PRIMARY KEY (`institutional_subscription_ip_id`),
  KEY `institutional_subscription_ip_subscription_id` (`subscription_id`),
  KEY `institutional_subscription_ip_start` (`ip_start`),
  KEY `institutional_subscription_ip_end` (`ip_end`)
) ENGINE=InnoDB DEFAULT CHARSET=utf8mb3 COLLATE=utf8mb3_general_ci;
/*!40101 SET character_set_client = @saved_cs_client */;

--
-- Dumping data for table `institutional_subscription_ip`
--

LOCK TABLES `institutional_subscription_ip` WRITE;
/*!40000 ALTER TABLE `institutional_subscription_ip` DISABLE KEYS */;
/*!40000 ALTER TABLE `institutional_subscription_ip` ENABLE KEYS */;
UNLOCK TABLES;

--
-- Table structure for table `institutional_subscriptions`
--

DROP TABLE IF EXISTS `institutional_subscriptions`;
/*!40101 SET @saved_cs_client     = @@character_set_client */;
/*!40101 SET character_set_client = utf8 */;
CREATE TABLE `institutional_subscriptions` (
  `institutional_subscription_id` bigint(20) NOT NULL AUTO_INCREMENT,
  `subscription_id` bigint(20) NOT NULL,
  `institution_name` varchar(255) NOT NULL,
  `mailing_address` varchar(255) DEFAULT NULL,
  `domain` varchar(255) DEFAULT NULL,
  PRIMARY KEY (`institutional_subscription_id`),
  KEY `institutional_subscriptions_subscription_id` (`subscription_id`),
  KEY `institutional_subscriptions_domain` (`domain`)
) ENGINE=InnoDB DEFAULT CHARSET=utf8mb3 COLLATE=utf8mb3_general_ci;
/*!40101 SET character_set_client = @saved_cs_client */;

--
-- Dumping data for table `institutional_subscriptions`
--

LOCK TABLES `institutional_subscriptions` WRITE;
/*!40000 ALTER TABLE `institutional_subscriptions` DISABLE KEYS */;
/*!40000 ALTER TABLE `institutional_subscriptions` ENABLE KEYS */;
UNLOCK TABLES;

--
-- Table structure for table `issue_files`
--

DROP TABLE IF EXISTS `issue_files`;
/*!40101 SET @saved_cs_client     = @@character_set_client */;
/*!40101 SET character_set_client = utf8 */;
CREATE TABLE `issue_files` (
  `file_id` bigint(20) NOT NULL AUTO_INCREMENT,
  `issue_id` bigint(20) NOT NULL,
  `file_name` varchar(90) NOT NULL,
  `file_type` varchar(255) NOT NULL,
  `file_size` bigint(20) NOT NULL,
  `content_type` bigint(20) NOT NULL,
  `original_file_name` varchar(127) DEFAULT NULL,
  `date_uploaded` datetime NOT NULL,
  `date_modified` datetime NOT NULL,
  PRIMARY KEY (`file_id`),
  KEY `issue_files_issue_id` (`issue_id`)
) ENGINE=InnoDB DEFAULT CHARSET=utf8mb3 COLLATE=utf8mb3_general_ci;
/*!40101 SET character_set_client = @saved_cs_client */;

--
-- Dumping data for table `issue_files`
--

LOCK TABLES `issue_files` WRITE;
/*!40000 ALTER TABLE `issue_files` DISABLE KEYS */;
/*!40000 ALTER TABLE `issue_files` ENABLE KEYS */;
UNLOCK TABLES;

--
-- Table structure for table `issue_galley_settings`
--

DROP TABLE IF EXISTS `issue_galley_settings`;
/*!40101 SET @saved_cs_client     = @@character_set_client */;
/*!40101 SET character_set_client = utf8 */;
CREATE TABLE `issue_galley_settings` (
  `galley_id` bigint(20) NOT NULL,
  `locale` varchar(14) NOT NULL DEFAULT '',
  `setting_name` varchar(255) NOT NULL,
  `setting_value` text DEFAULT NULL,
  `setting_type` varchar(6) NOT NULL COMMENT '(bool|int|float|string|object)',
  UNIQUE KEY `issue_galley_settings_pkey` (`galley_id`,`locale`,`setting_name`),
  KEY `issue_galley_settings_galley_id` (`galley_id`)
) ENGINE=InnoDB DEFAULT CHARSET=utf8mb3 COLLATE=utf8mb3_general_ci;
/*!40101 SET character_set_client = @saved_cs_client */;

--
-- Dumping data for table `issue_galley_settings`
--

LOCK TABLES `issue_galley_settings` WRITE;
/*!40000 ALTER TABLE `issue_galley_settings` DISABLE KEYS */;
/*!40000 ALTER TABLE `issue_galley_settings` ENABLE KEYS */;
UNLOCK TABLES;

--
-- Table structure for table `issue_galleys`
--

DROP TABLE IF EXISTS `issue_galleys`;
/*!40101 SET @saved_cs_client     = @@character_set_client */;
/*!40101 SET character_set_client = utf8 */;
CREATE TABLE `issue_galleys` (
  `galley_id` bigint(20) NOT NULL AUTO_INCREMENT,
  `locale` varchar(14) DEFAULT NULL,
  `issue_id` bigint(20) NOT NULL,
  `file_id` bigint(20) NOT NULL,
  `label` varchar(32) DEFAULT NULL,
  `seq` double(8,2) NOT NULL DEFAULT 0.00,
  `url_path` varchar(64) DEFAULT NULL,
  PRIMARY KEY (`galley_id`),
  KEY `issue_galleys_issue_id` (`issue_id`),
  KEY `issue_galleys_url_path` (`url_path`)
) ENGINE=InnoDB DEFAULT CHARSET=utf8mb3 COLLATE=utf8mb3_general_ci;
/*!40101 SET character_set_client = @saved_cs_client */;

--
-- Dumping data for table `issue_galleys`
--

LOCK TABLES `issue_galleys` WRITE;
/*!40000 ALTER TABLE `issue_galleys` DISABLE KEYS */;
/*!40000 ALTER TABLE `issue_galleys` ENABLE KEYS */;
UNLOCK TABLES;

--
-- Table structure for table `issue_settings`
--

DROP TABLE IF EXISTS `issue_settings`;
/*!40101 SET @saved_cs_client     = @@character_set_client */;
/*!40101 SET character_set_client = utf8 */;
CREATE TABLE `issue_settings` (
  `issue_id` bigint(20) NOT NULL,
  `locale` varchar(14) NOT NULL DEFAULT '',
  `setting_name` varchar(255) NOT NULL,
  `setting_value` text DEFAULT NULL,
  `setting_type` varchar(6) NOT NULL,
  UNIQUE KEY `issue_settings_pkey` (`issue_id`,`locale`,`setting_name`),
  KEY `issue_settings_issue_id` (`issue_id`),
  KEY `issue_settings_name_value` (`setting_name`(50),`setting_value`(150))
) ENGINE=InnoDB DEFAULT CHARSET=utf8mb3 COLLATE=utf8mb3_general_ci;
/*!40101 SET character_set_client = @saved_cs_client */;

--
-- Dumping data for table `issue_settings`
--

LOCK TABLES `issue_settings` WRITE;
/*!40000 ALTER TABLE `issue_settings` DISABLE KEYS */;
/*!40000 ALTER TABLE `issue_settings` ENABLE KEYS */;
UNLOCK TABLES;

--
-- Table structure for table `issues`
--

DROP TABLE IF EXISTS `issues`;
/*!40101 SET @saved_cs_client     = @@character_set_client */;
/*!40101 SET character_set_client = utf8 */;
CREATE TABLE `issues` (
  `issue_id` bigint(20) NOT NULL AUTO_INCREMENT,
  `journal_id` bigint(20) NOT NULL,
  `volume` smallint(6) DEFAULT NULL,
  `number` varchar(40) DEFAULT NULL,
  `year` smallint(6) DEFAULT NULL,
  `published` smallint(6) NOT NULL DEFAULT 0,
  `current` smallint(6) NOT NULL DEFAULT 0,
  `date_published` datetime DEFAULT NULL,
  `date_notified` datetime DEFAULT NULL,
  `last_modified` datetime DEFAULT NULL,
  `access_status` smallint(6) NOT NULL DEFAULT 1,
  `open_access_date` datetime DEFAULT NULL,
  `show_volume` smallint(6) NOT NULL DEFAULT 0,
  `show_number` smallint(6) NOT NULL DEFAULT 0,
  `show_year` smallint(6) NOT NULL DEFAULT 0,
  `show_title` smallint(6) NOT NULL DEFAULT 0,
  `style_file_name` varchar(90) DEFAULT NULL,
  `original_style_file_name` varchar(255) DEFAULT NULL,
  `url_path` varchar(64) DEFAULT NULL,
  PRIMARY KEY (`issue_id`),
  KEY `issues_journal_id` (`journal_id`),
  KEY `issues_url_path` (`url_path`)
) ENGINE=InnoDB DEFAULT CHARSET=utf8mb3 COLLATE=utf8mb3_general_ci;
/*!40101 SET character_set_client = @saved_cs_client */;

--
-- Dumping data for table `issues`
--

LOCK TABLES `issues` WRITE;
/*!40000 ALTER TABLE `issues` DISABLE KEYS */;
/*!40000 ALTER TABLE `issues` ENABLE KEYS */;
UNLOCK TABLES;

--
-- Table structure for table `item_views`
--

DROP TABLE IF EXISTS `item_views`;
/*!40101 SET @saved_cs_client     = @@character_set_client */;
/*!40101 SET character_set_client = utf8 */;
CREATE TABLE `item_views` (
  `assoc_type` bigint(20) NOT NULL,
  `assoc_id` bigint(20) NOT NULL,
  `user_id` bigint(20) DEFAULT NULL,
  `date_last_viewed` datetime DEFAULT NULL,
  UNIQUE KEY `item_views_pkey` (`assoc_type`,`assoc_id`,`user_id`)
) ENGINE=InnoDB DEFAULT CHARSET=utf8mb3 COLLATE=utf8mb3_general_ci;
/*!40101 SET character_set_client = @saved_cs_client */;

--
-- Dumping data for table `item_views`
--

LOCK TABLES `item_views` WRITE;
/*!40000 ALTER TABLE `item_views` DISABLE KEYS */;
/*!40000 ALTER TABLE `item_views` ENABLE KEYS */;
UNLOCK TABLES;

--
-- Table structure for table `jobs`
--

DROP TABLE IF EXISTS `jobs`;
/*!40101 SET @saved_cs_client     = @@character_set_client */;
/*!40101 SET character_set_client = utf8 */;
CREATE TABLE `jobs` (
  `id` bigint(20) unsigned NOT NULL AUTO_INCREMENT,
  `queue` varchar(255) NOT NULL,
  `payload` longtext NOT NULL,
  `attempts` tinyint(3) unsigned NOT NULL,
  `reserved_at` int(10) unsigned DEFAULT NULL,
  `available_at` int(10) unsigned NOT NULL,
  `created_at` int(10) unsigned NOT NULL,
  PRIMARY KEY (`id`),
  KEY `jobs_queue_reserved_at_index` (`queue`,`reserved_at`)
) ENGINE=InnoDB DEFAULT CHARSET=utf8mb3 COLLATE=utf8mb3_general_ci;
/*!40101 SET character_set_client = @saved_cs_client */;

--
-- Dumping data for table `jobs`
--

LOCK TABLES `jobs` WRITE;
/*!40000 ALTER TABLE `jobs` DISABLE KEYS */;
/*!40000 ALTER TABLE `jobs` ENABLE KEYS */;
UNLOCK TABLES;

--
-- Table structure for table `journal_settings`
--

DROP TABLE IF EXISTS `journal_settings`;
/*!40101 SET @saved_cs_client     = @@character_set_client */;
/*!40101 SET character_set_client = utf8 */;
CREATE TABLE `journal_settings` (
  `journal_id` bigint(20) NOT NULL,
  `locale` varchar(14) NOT NULL DEFAULT '',
  `setting_name` varchar(255) NOT NULL,
  `setting_value` mediumtext DEFAULT NULL,
  `setting_type` varchar(6) DEFAULT NULL,
  UNIQUE KEY `journal_settings_pkey` (`journal_id`,`locale`,`setting_name`),
  KEY `journal_settings_journal_id` (`journal_id`)
) ENGINE=InnoDB DEFAULT CHARSET=utf8mb3 COLLATE=utf8mb3_general_ci;
/*!40101 SET character_set_client = @saved_cs_client */;

--
-- Dumping data for table `journal_settings`
--

LOCK TABLES `journal_settings` WRITE;
/*!40000 ALTER TABLE `journal_settings` DISABLE KEYS */;
/*!40000 ALTER TABLE `journal_settings` ENABLE KEYS */;
UNLOCK TABLES;

--
-- Table structure for table `journals`
--

DROP TABLE IF EXISTS `journals`;
/*!40101 SET @saved_cs_client     = @@character_set_client */;
/*!40101 SET character_set_client = utf8 */;
CREATE TABLE `journals` (
  `journal_id` bigint(20) NOT NULL AUTO_INCREMENT,
  `path` varchar(32) NOT NULL,
  `seq` double(8,2) NOT NULL DEFAULT 0.00 COMMENT 'Used to order lists of journals',
  `primary_locale` varchar(14) NOT NULL,
  `enabled` smallint(6) NOT NULL DEFAULT 1 COMMENT 'Controls whether or not the journal is considered "live" and will appear on the website. (Note that disabled journals may still be accessible, but only if the user knows the URL.)',
  PRIMARY KEY (`journal_id`),
  UNIQUE KEY `journals_path` (`path`)
) ENGINE=InnoDB DEFAULT CHARSET=utf8mb3 COLLATE=utf8mb3_general_ci;
/*!40101 SET character_set_client = @saved_cs_client */;

--
-- Dumping data for table `journals`
--

LOCK TABLES `journals` WRITE;
/*!40000 ALTER TABLE `journals` DISABLE KEYS */;
/*!40000 ALTER TABLE `journals` ENABLE KEYS */;
UNLOCK TABLES;

--
-- Table structure for table `library_file_settings`
--

DROP TABLE IF EXISTS `library_file_settings`;
/*!40101 SET @saved_cs_client     = @@character_set_client */;
/*!40101 SET character_set_client = utf8 */;
CREATE TABLE `library_file_settings` (
  `file_id` bigint(20) NOT NULL,
  `locale` varchar(14) NOT NULL DEFAULT '',
  `setting_name` varchar(255) NOT NULL,
  `setting_value` text DEFAULT NULL,
  `setting_type` varchar(6) NOT NULL COMMENT '(bool|int|float|string|object|date)',
  UNIQUE KEY `library_file_settings_pkey` (`file_id`,`locale`,`setting_name`),
  KEY `library_file_settings_id` (`file_id`)
) ENGINE=InnoDB DEFAULT CHARSET=utf8mb3 COLLATE=utf8mb3_general_ci;
/*!40101 SET character_set_client = @saved_cs_client */;

--
-- Dumping data for table `library_file_settings`
--

LOCK TABLES `library_file_settings` WRITE;
/*!40000 ALTER TABLE `library_file_settings` DISABLE KEYS */;
/*!40000 ALTER TABLE `library_file_settings` ENABLE KEYS */;
UNLOCK TABLES;

--
-- Table structure for table `library_files`
--

DROP TABLE IF EXISTS `library_files`;
/*!40101 SET @saved_cs_client     = @@character_set_client */;
/*!40101 SET character_set_client = utf8 */;
CREATE TABLE `library_files` (
  `file_id` bigint(20) NOT NULL AUTO_INCREMENT,
  `context_id` bigint(20) NOT NULL,
  `file_name` varchar(255) NOT NULL,
  `original_file_name` varchar(255) NOT NULL,
  `file_type` varchar(255) NOT NULL,
  `file_size` bigint(20) NOT NULL,
  `type` smallint(6) NOT NULL,
  `date_uploaded` datetime NOT NULL,
  `date_modified` datetime NOT NULL,
  `submission_id` bigint(20) NOT NULL,
  `public_access` smallint(6) DEFAULT 0,
  PRIMARY KEY (`file_id`),
  KEY `library_files_context_id` (`context_id`),
  KEY `library_files_submission_id` (`submission_id`)
) ENGINE=InnoDB DEFAULT CHARSET=utf8mb3 COLLATE=utf8mb3_general_ci;
/*!40101 SET character_set_client = @saved_cs_client */;

--
-- Dumping data for table `library_files`
--

LOCK TABLES `library_files` WRITE;
/*!40000 ALTER TABLE `library_files` DISABLE KEYS */;
/*!40000 ALTER TABLE `library_files` ENABLE KEYS */;
UNLOCK TABLES;

--
-- Table structure for table `metadata_description_settings`
--

DROP TABLE IF EXISTS `metadata_description_settings`;
/*!40101 SET @saved_cs_client     = @@character_set_client */;
/*!40101 SET character_set_client = utf8 */;
CREATE TABLE `metadata_description_settings` (
  `metadata_description_id` bigint(20) NOT NULL,
  `locale` varchar(14) NOT NULL DEFAULT '',
  `setting_name` varchar(255) NOT NULL,
  `setting_value` text DEFAULT NULL,
  `setting_type` varchar(6) NOT NULL,
  UNIQUE KEY `metadata_descripton_settings_pkey` (`metadata_description_id`,`locale`,`setting_name`),
  KEY `metadata_description_settings_id` (`metadata_description_id`)
) ENGINE=InnoDB DEFAULT CHARSET=utf8mb3 COLLATE=utf8mb3_general_ci;
/*!40101 SET character_set_client = @saved_cs_client */;

--
-- Dumping data for table `metadata_description_settings`
--

LOCK TABLES `metadata_description_settings` WRITE;
/*!40000 ALTER TABLE `metadata_description_settings` DISABLE KEYS */;
/*!40000 ALTER TABLE `metadata_description_settings` ENABLE KEYS */;
UNLOCK TABLES;

--
-- Table structure for table `metadata_descriptions`
--

DROP TABLE IF EXISTS `metadata_descriptions`;
/*!40101 SET @saved_cs_client     = @@character_set_client */;
/*!40101 SET character_set_client = utf8 */;
CREATE TABLE `metadata_descriptions` (
  `metadata_description_id` bigint(20) NOT NULL AUTO_INCREMENT,
  `assoc_type` bigint(20) NOT NULL DEFAULT 0,
  `assoc_id` bigint(20) NOT NULL DEFAULT 0,
  `schema_namespace` varchar(255) NOT NULL,
  `schema_name` varchar(255) NOT NULL,
  `display_name` varchar(255) DEFAULT NULL,
  `seq` bigint(20) NOT NULL DEFAULT 0,
  PRIMARY KEY (`metadata_description_id`),
  KEY `metadata_descriptions_assoc` (`assoc_type`,`assoc_id`)
) ENGINE=InnoDB DEFAULT CHARSET=utf8mb3 COLLATE=utf8mb3_general_ci;
/*!40101 SET character_set_client = @saved_cs_client */;

--
-- Dumping data for table `metadata_descriptions`
--

LOCK TABLES `metadata_descriptions` WRITE;
/*!40000 ALTER TABLE `metadata_descriptions` DISABLE KEYS */;
/*!40000 ALTER TABLE `metadata_descriptions` ENABLE KEYS */;
UNLOCK TABLES;

--
-- Table structure for table `metrics`
--

DROP TABLE IF EXISTS `metrics`;
/*!40101 SET @saved_cs_client     = @@character_set_client */;
/*!40101 SET character_set_client = utf8 */;
CREATE TABLE `metrics` (
  `load_id` varchar(255) NOT NULL,
  `context_id` bigint(20) NOT NULL,
  `pkp_section_id` bigint(20) DEFAULT NULL,
  `assoc_object_type` bigint(20) DEFAULT NULL,
  `assoc_object_id` bigint(20) DEFAULT NULL,
  `submission_id` bigint(20) DEFAULT NULL,
  `representation_id` bigint(20) DEFAULT NULL,
  `assoc_type` bigint(20) NOT NULL,
  `assoc_id` bigint(20) NOT NULL,
  `day` varchar(8) DEFAULT NULL,
  `month` varchar(6) DEFAULT NULL,
  `file_type` smallint(6) DEFAULT NULL,
  `country_id` varchar(2) DEFAULT NULL,
  `region` varchar(2) DEFAULT NULL,
  `city` varchar(255) DEFAULT NULL,
  `metric_type` varchar(255) NOT NULL,
  `metric` int(11) NOT NULL,
  KEY `metrics_load_id` (`load_id`),
  KEY `metrics_metric_type_context_id` (`metric_type`,`context_id`),
  KEY `metrics_metric_type_submission_id_assoc_type` (`metric_type`,`submission_id`,`assoc_type`),
  KEY `metrics_metric_type_submission_id_assoc` (`metric_type`,`context_id`,`assoc_type`,`assoc_id`)
) ENGINE=InnoDB DEFAULT CHARSET=utf8mb3 COLLATE=utf8mb3_general_ci;
/*!40101 SET character_set_client = @saved_cs_client */;

--
-- Dumping data for table `metrics`
--

LOCK TABLES `metrics` WRITE;
/*!40000 ALTER TABLE `metrics` DISABLE KEYS */;
/*!40000 ALTER TABLE `metrics` ENABLE KEYS */;
UNLOCK TABLES;

--
-- Table structure for table `navigation_menu_item_assignment_settings`
--

DROP TABLE IF EXISTS `navigation_menu_item_assignment_settings`;
/*!40101 SET @saved_cs_client     = @@character_set_client */;
/*!40101 SET character_set_client = utf8 */;
CREATE TABLE `navigation_menu_item_assignment_settings` (
  `navigation_menu_item_assignment_id` bigint(20) NOT NULL,
  `locale` varchar(14) NOT NULL DEFAULT '',
  `setting_name` varchar(255) NOT NULL,
  `setting_value` text DEFAULT NULL,
  `setting_type` varchar(6) NOT NULL,
  UNIQUE KEY `navigation_menu_item_assignment_settings_pkey` (`navigation_menu_item_assignment_id`,`locale`,`setting_name`),
  KEY `assignment_settings_navigation_menu_item_assignment_id` (`navigation_menu_item_assignment_id`)
) ENGINE=InnoDB DEFAULT CHARSET=utf8mb3 COLLATE=utf8mb3_general_ci;
/*!40101 SET character_set_client = @saved_cs_client */;

--
-- Dumping data for table `navigation_menu_item_assignment_settings`
--

LOCK TABLES `navigation_menu_item_assignment_settings` WRITE;
/*!40000 ALTER TABLE `navigation_menu_item_assignment_settings` DISABLE KEYS */;
/*!40000 ALTER TABLE `navigation_menu_item_assignment_settings` ENABLE KEYS */;
UNLOCK TABLES;

--
-- Table structure for table `navigation_menu_item_assignments`
--

DROP TABLE IF EXISTS `navigation_menu_item_assignments`;
/*!40101 SET @saved_cs_client     = @@character_set_client */;
/*!40101 SET character_set_client = utf8 */;
CREATE TABLE `navigation_menu_item_assignments` (
  `navigation_menu_item_assignment_id` bigint(20) NOT NULL AUTO_INCREMENT,
  `navigation_menu_id` bigint(20) NOT NULL,
  `navigation_menu_item_id` bigint(20) NOT NULL,
  `parent_id` bigint(20) DEFAULT NULL,
  `seq` bigint(20) DEFAULT 0,
  PRIMARY KEY (`navigation_menu_item_assignment_id`)
) ENGINE=InnoDB AUTO_INCREMENT=8 DEFAULT CHARSET=utf8mb3 COLLATE=utf8mb3_general_ci;
/*!40101 SET character_set_client = @saved_cs_client */;

--
-- Dumping data for table `navigation_menu_item_assignments`
--

LOCK TABLES `navigation_menu_item_assignments` WRITE;
/*!40000 ALTER TABLE `navigation_menu_item_assignments` DISABLE KEYS */;
INSERT INTO `navigation_menu_item_assignments` VALUES (1,1,1,0,0),(2,1,2,0,1),(3,1,3,0,2),(4,1,4,3,0),(5,1,5,3,1),(6,1,6,3,2),(7,1,7,3,3);
/*!40000 ALTER TABLE `navigation_menu_item_assignments` ENABLE KEYS */;
UNLOCK TABLES;

--
-- Table structure for table `navigation_menu_item_settings`
--

DROP TABLE IF EXISTS `navigation_menu_item_settings`;
/*!40101 SET @saved_cs_client     = @@character_set_client */;
/*!40101 SET character_set_client = utf8 */;
CREATE TABLE `navigation_menu_item_settings` (
  `navigation_menu_item_id` bigint(20) NOT NULL,
  `locale` varchar(14) NOT NULL DEFAULT '',
  `setting_name` varchar(255) NOT NULL,
  `setting_value` longtext DEFAULT NULL,
  `setting_type` varchar(6) NOT NULL,
  UNIQUE KEY `navigation_menu_item_settings_pkey` (`navigation_menu_item_id`,`locale`,`setting_name`),
  KEY `navigation_menu_item_settings_navigation_menu_id` (`navigation_menu_item_id`)
) ENGINE=InnoDB DEFAULT CHARSET=utf8mb3 COLLATE=utf8mb3_general_ci;
/*!40101 SET character_set_client = @saved_cs_client */;

--
-- Dumping data for table `navigation_menu_item_settings`
--

LOCK TABLES `navigation_menu_item_settings` WRITE;
/*!40000 ALTER TABLE `navigation_menu_item_settings` DISABLE KEYS */;
INSERT INTO `navigation_menu_item_settings` VALUES (1,'','titleLocaleKey','navigation.register','string'),(2,'','titleLocaleKey','navigation.login','string'),(3,'','titleLocaleKey','{$loggedInUsername}','string'),(4,'','titleLocaleKey','navigation.dashboard','string'),(5,'','titleLocaleKey','common.viewProfile','string'),(6,'','titleLocaleKey','navigation.admin','string'),(7,'','titleLocaleKey','user.logOut','string');
/*!40000 ALTER TABLE `navigation_menu_item_settings` ENABLE KEYS */;
UNLOCK TABLES;

--
-- Table structure for table `navigation_menu_items`
--

DROP TABLE IF EXISTS `navigation_menu_items`;
/*!40101 SET @saved_cs_client     = @@character_set_client */;
/*!40101 SET character_set_client = utf8 */;
CREATE TABLE `navigation_menu_items` (
  `navigation_menu_item_id` bigint(20) NOT NULL AUTO_INCREMENT,
  `context_id` bigint(20) NOT NULL,
  `path` varchar(255) DEFAULT '',
  `type` varchar(255) DEFAULT '',
  PRIMARY KEY (`navigation_menu_item_id`)
) ENGINE=InnoDB AUTO_INCREMENT=8 DEFAULT CHARSET=utf8mb3 COLLATE=utf8mb3_general_ci;
/*!40101 SET character_set_client = @saved_cs_client */;

--
-- Dumping data for table `navigation_menu_items`
--

LOCK TABLES `navigation_menu_items` WRITE;
/*!40000 ALTER TABLE `navigation_menu_items` DISABLE KEYS */;
INSERT INTO `navigation_menu_items` VALUES (1,0,NULL,'NMI_TYPE_USER_REGISTER'),(2,0,NULL,'NMI_TYPE_USER_LOGIN'),(3,0,NULL,'NMI_TYPE_USER_DASHBOARD'),(4,0,NULL,'NMI_TYPE_USER_DASHBOARD'),(5,0,NULL,'NMI_TYPE_USER_PROFILE'),(6,0,NULL,'NMI_TYPE_ADMINISTRATION'),(7,0,NULL,'NMI_TYPE_USER_LOGOUT');
/*!40000 ALTER TABLE `navigation_menu_items` ENABLE KEYS */;
UNLOCK TABLES;

--
-- Table structure for table `navigation_menus`
--

DROP TABLE IF EXISTS `navigation_menus`;
/*!40101 SET @saved_cs_client     = @@character_set_client */;
/*!40101 SET character_set_client = utf8 */;
CREATE TABLE `navigation_menus` (
  `navigation_menu_id` bigint(20) NOT NULL AUTO_INCREMENT,
  `context_id` bigint(20) NOT NULL,
  `area_name` varchar(255) DEFAULT '',
  `title` varchar(255) NOT NULL,
  PRIMARY KEY (`navigation_menu_id`)
) ENGINE=InnoDB AUTO_INCREMENT=2 DEFAULT CHARSET=utf8mb3 COLLATE=utf8mb3_general_ci;
/*!40101 SET character_set_client = @saved_cs_client */;

--
-- Dumping data for table `navigation_menus`
--

LOCK TABLES `navigation_menus` WRITE;
/*!40000 ALTER TABLE `navigation_menus` DISABLE KEYS */;
INSERT INTO `navigation_menus` VALUES (1,0,'user','User Navigation Menu');
/*!40000 ALTER TABLE `navigation_menus` ENABLE KEYS */;
UNLOCK TABLES;

--
-- Table structure for table `notes`
--

DROP TABLE IF EXISTS `notes`;
/*!40101 SET @saved_cs_client     = @@character_set_client */;
/*!40101 SET character_set_client = utf8 */;
CREATE TABLE `notes` (
  `note_id` bigint(20) NOT NULL AUTO_INCREMENT,
  `assoc_type` bigint(20) NOT NULL,
  `assoc_id` bigint(20) NOT NULL,
  `user_id` bigint(20) NOT NULL,
  `date_created` datetime NOT NULL,
  `date_modified` datetime DEFAULT NULL,
  `title` varchar(255) DEFAULT NULL,
  `contents` text DEFAULT NULL,
  PRIMARY KEY (`note_id`),
  KEY `notes_assoc` (`assoc_type`,`assoc_id`)
) ENGINE=InnoDB DEFAULT CHARSET=utf8mb3 COLLATE=utf8mb3_general_ci;
/*!40101 SET character_set_client = @saved_cs_client */;

--
-- Dumping data for table `notes`
--

LOCK TABLES `notes` WRITE;
/*!40000 ALTER TABLE `notes` DISABLE KEYS */;
/*!40000 ALTER TABLE `notes` ENABLE KEYS */;
UNLOCK TABLES;

--
-- Table structure for table `notification_mail_list`
--

DROP TABLE IF EXISTS `notification_mail_list`;
/*!40101 SET @saved_cs_client     = @@character_set_client */;
/*!40101 SET character_set_client = utf8 */;
CREATE TABLE `notification_mail_list` (
  `notification_mail_list_id` bigint(20) NOT NULL AUTO_INCREMENT,
  `email` varchar(90) NOT NULL,
  `confirmed` smallint(6) NOT NULL DEFAULT 0,
  `token` varchar(40) NOT NULL,
  `context` bigint(20) NOT NULL,
  PRIMARY KEY (`notification_mail_list_id`),
  UNIQUE KEY `notification_mail_list_email_context` (`email`,`context`)
) ENGINE=InnoDB DEFAULT CHARSET=utf8mb3 COLLATE=utf8mb3_general_ci;
/*!40101 SET character_set_client = @saved_cs_client */;

--
-- Dumping data for table `notification_mail_list`
--

LOCK TABLES `notification_mail_list` WRITE;
/*!40000 ALTER TABLE `notification_mail_list` DISABLE KEYS */;
/*!40000 ALTER TABLE `notification_mail_list` ENABLE KEYS */;
UNLOCK TABLES;

--
-- Table structure for table `notification_settings`
--

DROP TABLE IF EXISTS `notification_settings`;
/*!40101 SET @saved_cs_client     = @@character_set_client */;
/*!40101 SET character_set_client = utf8 */;
CREATE TABLE `notification_settings` (
  `notification_id` bigint(20) NOT NULL,
  `locale` varchar(14) DEFAULT NULL,
  `setting_name` varchar(64) NOT NULL,
  `setting_value` text NOT NULL,
  `setting_type` varchar(6) NOT NULL COMMENT '(bool|int|float|string|object)',
  UNIQUE KEY `notification_settings_pkey` (`notification_id`,`locale`,`setting_name`)
) ENGINE=InnoDB DEFAULT CHARSET=utf8mb3 COLLATE=utf8mb3_general_ci;
/*!40101 SET character_set_client = @saved_cs_client */;

--
-- Dumping data for table `notification_settings`
--

LOCK TABLES `notification_settings` WRITE;
/*!40000 ALTER TABLE `notification_settings` DISABLE KEYS */;
/*!40000 ALTER TABLE `notification_settings` ENABLE KEYS */;
UNLOCK TABLES;

--
-- Table structure for table `notification_subscription_settings`
--

DROP TABLE IF EXISTS `notification_subscription_settings`;
/*!40101 SET @saved_cs_client     = @@character_set_client */;
/*!40101 SET character_set_client = utf8 */;
CREATE TABLE `notification_subscription_settings` (
  `setting_id` bigint(20) NOT NULL AUTO_INCREMENT,
  `setting_name` varchar(64) NOT NULL,
  `setting_value` text NOT NULL,
  `user_id` bigint(20) NOT NULL,
  `context` bigint(20) NOT NULL,
  `setting_type` varchar(6) NOT NULL COMMENT '(bool|int|float|string|object)',
  PRIMARY KEY (`setting_id`)
) ENGINE=InnoDB DEFAULT CHARSET=utf8mb3 COLLATE=utf8mb3_general_ci;
/*!40101 SET character_set_client = @saved_cs_client */;

--
-- Dumping data for table `notification_subscription_settings`
--

LOCK TABLES `notification_subscription_settings` WRITE;
/*!40000 ALTER TABLE `notification_subscription_settings` DISABLE KEYS */;
/*!40000 ALTER TABLE `notification_subscription_settings` ENABLE KEYS */;
UNLOCK TABLES;

--
-- Table structure for table `notifications`
--

DROP TABLE IF EXISTS `notifications`;
/*!40101 SET @saved_cs_client     = @@character_set_client */;
/*!40101 SET character_set_client = utf8 */;
CREATE TABLE `notifications` (
  `notification_id` bigint(20) NOT NULL AUTO_INCREMENT,
  `context_id` bigint(20) NOT NULL,
  `user_id` bigint(20) DEFAULT NULL,
  `level` bigint(20) NOT NULL,
  `type` bigint(20) NOT NULL,
  `date_created` datetime NOT NULL,
  `date_read` datetime DEFAULT NULL,
  `assoc_type` bigint(20) DEFAULT NULL,
  `assoc_id` bigint(20) DEFAULT NULL,
  PRIMARY KEY (`notification_id`),
  KEY `notifications_context_id_user_id` (`context_id`,`user_id`,`level`),
  KEY `notifications_context_id` (`context_id`,`level`),
  KEY `notifications_assoc` (`assoc_type`,`assoc_id`),
  KEY `notifications_user_id_level` (`user_id`,`level`)
) ENGINE=InnoDB DEFAULT CHARSET=utf8mb3 COLLATE=utf8mb3_general_ci;
/*!40101 SET character_set_client = @saved_cs_client */;

--
-- Dumping data for table `notifications`
--

LOCK TABLES `notifications` WRITE;
/*!40000 ALTER TABLE `notifications` DISABLE KEYS */;
/*!40000 ALTER TABLE `notifications` ENABLE KEYS */;
UNLOCK TABLES;

--
-- Table structure for table `oai_resumption_tokens`
--

DROP TABLE IF EXISTS `oai_resumption_tokens`;
/*!40101 SET @saved_cs_client     = @@character_set_client */;
/*!40101 SET character_set_client = utf8 */;
CREATE TABLE `oai_resumption_tokens` (
  `token` varchar(32) NOT NULL,
  `expire` bigint(20) NOT NULL,
  `record_offset` int(11) NOT NULL,
  `params` text DEFAULT NULL,
  UNIQUE KEY `oai_resumption_tokens_pkey` (`token`)
) ENGINE=InnoDB DEFAULT CHARSET=utf8mb3 COLLATE=utf8mb3_general_ci;
/*!40101 SET character_set_client = @saved_cs_client */;

--
-- Dumping data for table `oai_resumption_tokens`
--

LOCK TABLES `oai_resumption_tokens` WRITE;
/*!40000 ALTER TABLE `oai_resumption_tokens` DISABLE KEYS */;
/*!40000 ALTER TABLE `oai_resumption_tokens` ENABLE KEYS */;
UNLOCK TABLES;

--
-- Table structure for table `plugin_settings`
--

DROP TABLE IF EXISTS `plugin_settings`;
/*!40101 SET @saved_cs_client     = @@character_set_client */;
/*!40101 SET character_set_client = utf8 */;
CREATE TABLE `plugin_settings` (
  `plugin_name` varchar(80) NOT NULL,
  `context_id` bigint(20) NOT NULL,
  `setting_name` varchar(80) NOT NULL,
  `setting_value` text DEFAULT NULL,
  `setting_type` varchar(6) NOT NULL COMMENT '(bool|int|float|string|object)',
  UNIQUE KEY `plugin_settings_pkey` (`plugin_name`,`context_id`,`setting_name`),
  KEY `plugin_settings_plugin_name` (`plugin_name`)
) ENGINE=InnoDB DEFAULT CHARSET=utf8mb3 COLLATE=utf8mb3_general_ci;
/*!40101 SET character_set_client = @saved_cs_client */;

--
-- Dumping data for table `plugin_settings`
--

LOCK TABLES `plugin_settings` WRITE;
/*!40000 ALTER TABLE `plugin_settings` DISABLE KEYS */;
INSERT INTO `plugin_settings` VALUES ('acronplugin',0,'crontab','[{\"className\":\"plugins.generic.usageStats.UsageStatsLoader\",\"frequency\":{\"hour\":24},\"args\":[\"autoStage\"]},{\"className\":\"plugins.generic.usageStats.UsageStatsLoader\",\"frequency\":{\"hour\":24},\"args\":[\"autoStage\"]},{\"className\":\"plugins.importexport.doaj.DOAJInfoSender\",\"frequency\":{\"hour\":24},\"args\":[]},{\"className\":\"plugins.importexport.crossref.CrossrefInfoSender\",\"frequency\":{\"hour\":24},\"args\":[]},{\"className\":\"plugins.importexport.datacite.DataciteInfoSender\",\"frequency\":{\"hour\":24},\"args\":[]},{\"className\":\"plugins.generic.usageStats.UsageStatsLoader\",\"frequency\":{\"hour\":24},\"args\":[\"autoStage\"]},{\"className\":\"plugins.importexport.doaj.DOAJInfoSender\",\"frequency\":{\"hour\":24},\"args\":[]},{\"className\":\"plugins.importexport.crossref.CrossrefInfoSender\",\"frequency\":{\"hour\":24},\"args\":[]},{\"className\":\"plugins.importexport.datacite.DataciteInfoSender\",\"frequency\":{\"hour\":24},\"args\":[]},{\"className\":\"plugins.generic.usageStats.UsageStatsLoader\",\"frequency\":{\"hour\":24},\"args\":[\"autoStage\"]},{\"className\":\"plugins.importexport.doaj.DOAJInfoSender\",\"frequency\":{\"hour\":24},\"args\":[]},{\"className\":\"plugins.importexport.crossref.CrossrefInfoSender\",\"frequency\":{\"hour\":24},\"args\":[]},{\"className\":\"plugins.importexport.datacite.DataciteInfoSender\",\"frequency\":{\"hour\":24},\"args\":[]},{\"className\":\"plugins.generic.usageStats.UsageStatsLoader\",\"frequency\":{\"hour\":24},\"args\":[\"autoStage\"]},{\"className\":\"plugins.importexport.doaj.DOAJInfoSender\",\"frequency\":{\"hour\":24},\"args\":[]},{\"className\":\"plugins.importexport.crossref.CrossrefInfoSender\",\"frequency\":{\"hour\":24},\"args\":[]},{\"className\":\"plugins.importexport.datacite.DataciteInfoSender\",\"frequency\":{\"hour\":24},\"args\":[]},{\"className\":\"plugins.generic.usageStats.UsageStatsLoader\",\"frequency\":{\"hour\":24},\"args\":[\"autoStage\"]},{\"className\":\"plugins.importexport.doaj.DOAJInfoSender\",\"frequency\":{\"hour\":24},\"args\":[]},{\"className\":\"plugins.importexport.crossref.CrossrefInfoSender\",\"frequency\":{\"hour\":24},\"args\":[]},{\"className\":\"plugins.importexport.datacite.DataciteInfoSender\",\"frequency\":{\"hour\":24},\"args\":[]},{\"className\":\"lib.pkp.classes.task.ReviewReminder\",\"frequency\":{\"hour\":24},\"args\":[]},{\"className\":\"lib.pkp.classes.task.StatisticsReport\",\"frequency\":{\"day\":\"1\"},\"args\":[]},{\"className\":\"classes.tasks.SubscriptionExpiryReminder\",\"frequency\":{\"day\":\"1\"},\"args\":[]}]','object'),('acronplugin',0,'enabled','1','bool'),('defaultthemeplugin',0,'enabled','1','bool'),('developedbyblockplugin',0,'enabled','0','bool'),('developedbyblockplugin',0,'seq','0','int'),('languagetoggleblockplugin',0,'enabled','1','bool'),('languagetoggleblockplugin',0,'seq','4','int'),('tinymceplugin',0,'enabled','1','bool'),('usageeventplugin',0,'enabled','1','bool'),('usageeventplugin',0,'uniqueSiteId','','string'),('usagestatsplugin',0,'accessLogFileParseRegex','/^(?P<ip>\\S+) \\S+ \\S+ \\[(?P<date>.*?)\\] \"\\S+ (?P<url>\\S+).*?\" (?P<returnCode>\\S+) \\S+ \".*?\" \"(?P<userAgent>.*?)\"/','string'),('usagestatsplugin',0,'chartType','bar','string'),('usagestatsplugin',0,'createLogFiles','1','bool'),('usagestatsplugin',0,'datasetMaxCount','4','string'),('usagestatsplugin',0,'enabled','1','bool'),('usagestatsplugin',0,'optionalColumns','[\"city\",\"region\"]','object');
/*!40000 ALTER TABLE `plugin_settings` ENABLE KEYS */;
UNLOCK TABLES;

--
-- Table structure for table `publication_categories`
--

DROP TABLE IF EXISTS `publication_categories`;
/*!40101 SET @saved_cs_client     = @@character_set_client */;
/*!40101 SET character_set_client = utf8 */;
CREATE TABLE `publication_categories` (
  `publication_id` bigint(20) NOT NULL,
  `category_id` bigint(20) NOT NULL,
  UNIQUE KEY `publication_categories_id` (`publication_id`,`category_id`)
) ENGINE=InnoDB DEFAULT CHARSET=utf8mb3 COLLATE=utf8mb3_general_ci;
/*!40101 SET character_set_client = @saved_cs_client */;

--
-- Dumping data for table `publication_categories`
--

LOCK TABLES `publication_categories` WRITE;
/*!40000 ALTER TABLE `publication_categories` DISABLE KEYS */;
/*!40000 ALTER TABLE `publication_categories` ENABLE KEYS */;
UNLOCK TABLES;

--
-- Table structure for table `publication_galley_settings`
--

DROP TABLE IF EXISTS `publication_galley_settings`;
/*!40101 SET @saved_cs_client     = @@character_set_client */;
/*!40101 SET character_set_client = utf8 */;
CREATE TABLE `publication_galley_settings` (
  `galley_id` bigint(20) NOT NULL,
  `locale` varchar(14) NOT NULL DEFAULT '',
  `setting_name` varchar(255) NOT NULL,
  `setting_value` text DEFAULT NULL,
  UNIQUE KEY `publication_galley_settings_pkey` (`galley_id`,`locale`,`setting_name`),
  KEY `publication_galley_settings_galley_id` (`galley_id`),
  KEY `publication_galley_settings_name_value` (`setting_name`(50),`setting_value`(150))
) ENGINE=InnoDB DEFAULT CHARSET=utf8mb3 COLLATE=utf8mb3_general_ci;
/*!40101 SET character_set_client = @saved_cs_client */;

--
-- Dumping data for table `publication_galley_settings`
--

LOCK TABLES `publication_galley_settings` WRITE;
/*!40000 ALTER TABLE `publication_galley_settings` DISABLE KEYS */;
/*!40000 ALTER TABLE `publication_galley_settings` ENABLE KEYS */;
UNLOCK TABLES;

--
-- Table structure for table `publication_galleys`
--

DROP TABLE IF EXISTS `publication_galleys`;
/*!40101 SET @saved_cs_client     = @@character_set_client */;
/*!40101 SET character_set_client = utf8 */;
CREATE TABLE `publication_galleys` (
  `galley_id` bigint(20) NOT NULL AUTO_INCREMENT,
  `locale` varchar(14) DEFAULT NULL,
  `publication_id` bigint(20) NOT NULL,
  `label` varchar(255) DEFAULT NULL,
  `submission_file_id` bigint(20) unsigned DEFAULT NULL,
  `seq` double(8,2) NOT NULL DEFAULT 0.00,
  `remote_url` varchar(2047) DEFAULT NULL,
  `is_approved` smallint(6) NOT NULL DEFAULT 0,
  `url_path` varchar(64) DEFAULT NULL,
  PRIMARY KEY (`galley_id`),
  KEY `publication_galleys_publication_id` (`publication_id`),
  KEY `publication_galleys_url_path` (`url_path`),
  KEY `publication_galleys_submission_file_id_foreign` (`submission_file_id`),
  CONSTRAINT `publication_galleys_submission_file_id_foreign` FOREIGN KEY (`submission_file_id`) REFERENCES `submission_files` (`submission_file_id`)
) ENGINE=InnoDB DEFAULT CHARSET=utf8mb3 COLLATE=utf8mb3_general_ci;
/*!40101 SET character_set_client = @saved_cs_client */;

--
-- Dumping data for table `publication_galleys`
--

LOCK TABLES `publication_galleys` WRITE;
/*!40000 ALTER TABLE `publication_galleys` DISABLE KEYS */;
/*!40000 ALTER TABLE `publication_galleys` ENABLE KEYS */;
UNLOCK TABLES;

--
-- Table structure for table `publication_settings`
--

DROP TABLE IF EXISTS `publication_settings`;
/*!40101 SET @saved_cs_client     = @@character_set_client */;
/*!40101 SET character_set_client = utf8 */;
CREATE TABLE `publication_settings` (
  `publication_id` bigint(20) NOT NULL,
  `locale` varchar(14) NOT NULL DEFAULT '',
  `setting_name` varchar(255) NOT NULL,
  `setting_value` text DEFAULT NULL,
  UNIQUE KEY `publication_settings_pkey` (`publication_id`,`locale`,`setting_name`),
  KEY `publication_settings_publication_id` (`publication_id`),
  KEY `publication_settings_name_value` (`setting_name`(50),`setting_value`(150))
) ENGINE=InnoDB DEFAULT CHARSET=utf8mb3 COLLATE=utf8mb3_general_ci;
/*!40101 SET character_set_client = @saved_cs_client */;

--
-- Dumping data for table `publication_settings`
--

LOCK TABLES `publication_settings` WRITE;
/*!40000 ALTER TABLE `publication_settings` DISABLE KEYS */;
/*!40000 ALTER TABLE `publication_settings` ENABLE KEYS */;
UNLOCK TABLES;

--
-- Table structure for table `publications`
--

DROP TABLE IF EXISTS `publications`;
/*!40101 SET @saved_cs_client     = @@character_set_client */;
/*!40101 SET character_set_client = utf8 */;
CREATE TABLE `publications` (
  `publication_id` bigint(20) NOT NULL AUTO_INCREMENT,
  `access_status` bigint(20) DEFAULT 0,
  `date_published` date DEFAULT NULL,
  `last_modified` datetime DEFAULT NULL,
  `locale` varchar(14) DEFAULT NULL,
  `primary_contact_id` bigint(20) DEFAULT NULL,
  `section_id` bigint(20) DEFAULT NULL,
  `seq` double(8,2) NOT NULL DEFAULT 0.00,
  `submission_id` bigint(20) NOT NULL,
  `status` smallint(6) NOT NULL DEFAULT 1,
  `url_path` varchar(64) DEFAULT NULL,
  `version` bigint(20) DEFAULT NULL,
  PRIMARY KEY (`publication_id`),
  KEY `publications_submission_id` (`submission_id`),
  KEY `publications_section_id` (`section_id`),
  KEY `publications_url_path` (`url_path`)
) ENGINE=InnoDB DEFAULT CHARSET=utf8mb3 COLLATE=utf8mb3_general_ci;
/*!40101 SET character_set_client = @saved_cs_client */;

--
-- Dumping data for table `publications`
--

LOCK TABLES `publications` WRITE;
/*!40000 ALTER TABLE `publications` DISABLE KEYS */;
/*!40000 ALTER TABLE `publications` ENABLE KEYS */;
UNLOCK TABLES;

--
-- Table structure for table `queries`
--

DROP TABLE IF EXISTS `queries`;
/*!40101 SET @saved_cs_client     = @@character_set_client */;
/*!40101 SET character_set_client = utf8 */;
CREATE TABLE `queries` (
  `query_id` bigint(20) NOT NULL AUTO_INCREMENT,
  `assoc_type` bigint(20) NOT NULL,
  `assoc_id` bigint(20) NOT NULL,
  `stage_id` smallint(6) NOT NULL,
  `seq` double(8,2) NOT NULL DEFAULT 0.00,
  `date_posted` datetime DEFAULT NULL,
  `date_modified` datetime DEFAULT NULL,
  `closed` smallint(6) NOT NULL DEFAULT 0,
  PRIMARY KEY (`query_id`),
  KEY `queries_assoc_id` (`assoc_type`,`assoc_id`)
) ENGINE=InnoDB DEFAULT CHARSET=utf8mb3 COLLATE=utf8mb3_general_ci;
/*!40101 SET character_set_client = @saved_cs_client */;

--
-- Dumping data for table `queries`
--

LOCK TABLES `queries` WRITE;
/*!40000 ALTER TABLE `queries` DISABLE KEYS */;
/*!40000 ALTER TABLE `queries` ENABLE KEYS */;
UNLOCK TABLES;

--
-- Table structure for table `query_participants`
--

DROP TABLE IF EXISTS `query_participants`;
/*!40101 SET @saved_cs_client     = @@character_set_client */;
/*!40101 SET character_set_client = utf8 */;
CREATE TABLE `query_participants` (
  `query_id` bigint(20) NOT NULL,
  `user_id` bigint(20) NOT NULL,
  UNIQUE KEY `query_participants_pkey` (`query_id`,`user_id`)
) ENGINE=InnoDB DEFAULT CHARSET=utf8mb3 COLLATE=utf8mb3_general_ci;
/*!40101 SET character_set_client = @saved_cs_client */;

--
-- Dumping data for table `query_participants`
--

LOCK TABLES `query_participants` WRITE;
/*!40000 ALTER TABLE `query_participants` DISABLE KEYS */;
/*!40000 ALTER TABLE `query_participants` ENABLE KEYS */;
UNLOCK TABLES;

--
-- Table structure for table `queued_payments`
--

DROP TABLE IF EXISTS `queued_payments`;
/*!40101 SET @saved_cs_client     = @@character_set_client */;
/*!40101 SET character_set_client = utf8 */;
CREATE TABLE `queued_payments` (
  `queued_payment_id` bigint(20) NOT NULL AUTO_INCREMENT,
  `date_created` datetime NOT NULL,
  `date_modified` datetime NOT NULL,
  `expiry_date` date DEFAULT NULL,
  `payment_data` text DEFAULT NULL,
  PRIMARY KEY (`queued_payment_id`)
) ENGINE=InnoDB DEFAULT CHARSET=utf8mb3 COLLATE=utf8mb3_general_ci;
/*!40101 SET character_set_client = @saved_cs_client */;

--
-- Dumping data for table `queued_payments`
--

LOCK TABLES `queued_payments` WRITE;
/*!40000 ALTER TABLE `queued_payments` DISABLE KEYS */;
/*!40000 ALTER TABLE `queued_payments` ENABLE KEYS */;
UNLOCK TABLES;

--
-- Table structure for table `review_assignments`
--

DROP TABLE IF EXISTS `review_assignments`;
/*!40101 SET @saved_cs_client     = @@character_set_client */;
/*!40101 SET character_set_client = utf8 */;
CREATE TABLE `review_assignments` (
  `review_id` bigint(20) NOT NULL AUTO_INCREMENT,
  `submission_id` bigint(20) NOT NULL,
  `reviewer_id` bigint(20) NOT NULL,
  `competing_interests` text DEFAULT NULL,
  `recommendation` smallint(6) DEFAULT NULL,
  `date_assigned` datetime DEFAULT NULL,
  `date_notified` datetime DEFAULT NULL,
  `date_confirmed` datetime DEFAULT NULL,
  `date_completed` datetime DEFAULT NULL,
  `date_acknowledged` datetime DEFAULT NULL,
  `date_due` datetime DEFAULT NULL,
  `date_response_due` datetime DEFAULT NULL,
  `last_modified` datetime DEFAULT NULL,
  `reminder_was_automatic` smallint(6) NOT NULL DEFAULT 0,
  `declined` smallint(6) NOT NULL DEFAULT 0,
  `cancelled` smallint(6) NOT NULL DEFAULT 0,
  `reviewer_file_id` bigint(20) DEFAULT NULL,
  `date_rated` datetime DEFAULT NULL,
  `date_reminded` datetime DEFAULT NULL,
  `quality` smallint(6) DEFAULT NULL,
  `review_round_id` bigint(20) NOT NULL,
  `stage_id` smallint(6) NOT NULL,
  `review_method` smallint(6) NOT NULL DEFAULT 1,
  `round` smallint(6) NOT NULL DEFAULT 1,
  `step` smallint(6) NOT NULL DEFAULT 1,
  `review_form_id` bigint(20) DEFAULT NULL,
  `unconsidered` smallint(6) DEFAULT NULL,
  PRIMARY KEY (`review_id`),
  KEY `review_assignments_submission_id` (`submission_id`),
  KEY `review_assignments_reviewer_id` (`reviewer_id`),
  KEY `review_assignments_form_id` (`review_form_id`),
  KEY `review_assignments_reviewer_review` (`reviewer_id`,`review_id`)
) ENGINE=InnoDB DEFAULT CHARSET=utf8mb3 COLLATE=utf8mb3_general_ci;
/*!40101 SET character_set_client = @saved_cs_client */;

--
-- Dumping data for table `review_assignments`
--

LOCK TABLES `review_assignments` WRITE;
/*!40000 ALTER TABLE `review_assignments` DISABLE KEYS */;
/*!40000 ALTER TABLE `review_assignments` ENABLE KEYS */;
UNLOCK TABLES;

--
-- Table structure for table `review_files`
--

DROP TABLE IF EXISTS `review_files`;
/*!40101 SET @saved_cs_client     = @@character_set_client */;
/*!40101 SET character_set_client = utf8 */;
CREATE TABLE `review_files` (
  `review_id` bigint(20) NOT NULL,
  `submission_file_id` bigint(20) unsigned NOT NULL,
  UNIQUE KEY `review_files_pkey` (`review_id`,`submission_file_id`),
  KEY `review_files_review_id` (`review_id`),
  KEY `review_files_submission_file_id_foreign` (`submission_file_id`),
  CONSTRAINT `review_files_submission_file_id_foreign` FOREIGN KEY (`submission_file_id`) REFERENCES `submission_files` (`submission_file_id`)
) ENGINE=InnoDB DEFAULT CHARSET=utf8mb3 COLLATE=utf8mb3_general_ci;
/*!40101 SET character_set_client = @saved_cs_client */;

--
-- Dumping data for table `review_files`
--

LOCK TABLES `review_files` WRITE;
/*!40000 ALTER TABLE `review_files` DISABLE KEYS */;
/*!40000 ALTER TABLE `review_files` ENABLE KEYS */;
UNLOCK TABLES;

--
-- Table structure for table `review_form_element_settings`
--

DROP TABLE IF EXISTS `review_form_element_settings`;
/*!40101 SET @saved_cs_client     = @@character_set_client */;
/*!40101 SET character_set_client = utf8 */;
CREATE TABLE `review_form_element_settings` (
  `review_form_element_id` bigint(20) NOT NULL,
  `locale` varchar(14) NOT NULL DEFAULT '',
  `setting_name` varchar(255) NOT NULL,
  `setting_value` text DEFAULT NULL,
  `setting_type` varchar(6) NOT NULL,
  UNIQUE KEY `review_form_element_settings_pkey` (`review_form_element_id`,`locale`,`setting_name`),
  KEY `review_form_element_settings_review_form_element_id` (`review_form_element_id`)
) ENGINE=InnoDB DEFAULT CHARSET=utf8mb3 COLLATE=utf8mb3_general_ci;
/*!40101 SET character_set_client = @saved_cs_client */;

--
-- Dumping data for table `review_form_element_settings`
--

LOCK TABLES `review_form_element_settings` WRITE;
/*!40000 ALTER TABLE `review_form_element_settings` DISABLE KEYS */;
/*!40000 ALTER TABLE `review_form_element_settings` ENABLE KEYS */;
UNLOCK TABLES;

--
-- Table structure for table `review_form_elements`
--

DROP TABLE IF EXISTS `review_form_elements`;
/*!40101 SET @saved_cs_client     = @@character_set_client */;
/*!40101 SET character_set_client = utf8 */;
CREATE TABLE `review_form_elements` (
  `review_form_element_id` bigint(20) NOT NULL AUTO_INCREMENT,
  `review_form_id` bigint(20) NOT NULL,
  `seq` double(8,2) DEFAULT NULL,
  `element_type` bigint(20) DEFAULT NULL,
  `required` smallint(6) DEFAULT NULL,
  `included` smallint(6) DEFAULT NULL,
  PRIMARY KEY (`review_form_element_id`),
  KEY `review_form_elements_review_form_id` (`review_form_id`)
) ENGINE=InnoDB DEFAULT CHARSET=utf8mb3 COLLATE=utf8mb3_general_ci;
/*!40101 SET character_set_client = @saved_cs_client */;

--
-- Dumping data for table `review_form_elements`
--

LOCK TABLES `review_form_elements` WRITE;
/*!40000 ALTER TABLE `review_form_elements` DISABLE KEYS */;
/*!40000 ALTER TABLE `review_form_elements` ENABLE KEYS */;
UNLOCK TABLES;

--
-- Table structure for table `review_form_responses`
--

DROP TABLE IF EXISTS `review_form_responses`;
/*!40101 SET @saved_cs_client     = @@character_set_client */;
/*!40101 SET character_set_client = utf8 */;
CREATE TABLE `review_form_responses` (
  `review_form_element_id` bigint(20) NOT NULL,
  `review_id` bigint(20) NOT NULL,
  `response_type` varchar(6) DEFAULT NULL,
  `response_value` text DEFAULT NULL,
  KEY `review_form_responses_pkey` (`review_form_element_id`,`review_id`)
) ENGINE=InnoDB DEFAULT CHARSET=utf8mb3 COLLATE=utf8mb3_general_ci;
/*!40101 SET character_set_client = @saved_cs_client */;

--
-- Dumping data for table `review_form_responses`
--

LOCK TABLES `review_form_responses` WRITE;
/*!40000 ALTER TABLE `review_form_responses` DISABLE KEYS */;
/*!40000 ALTER TABLE `review_form_responses` ENABLE KEYS */;
UNLOCK TABLES;

--
-- Table structure for table `review_form_settings`
--

DROP TABLE IF EXISTS `review_form_settings`;
/*!40101 SET @saved_cs_client     = @@character_set_client */;
/*!40101 SET character_set_client = utf8 */;
CREATE TABLE `review_form_settings` (
  `review_form_id` bigint(20) NOT NULL,
  `locale` varchar(14) NOT NULL DEFAULT '',
  `setting_name` varchar(255) NOT NULL,
  `setting_value` text DEFAULT NULL,
  `setting_type` varchar(6) NOT NULL,
  UNIQUE KEY `review_form_settings_pkey` (`review_form_id`,`locale`,`setting_name`),
  KEY `review_form_settings_review_form_id` (`review_form_id`)
) ENGINE=InnoDB DEFAULT CHARSET=utf8mb3 COLLATE=utf8mb3_general_ci;
/*!40101 SET character_set_client = @saved_cs_client */;

--
-- Dumping data for table `review_form_settings`
--

LOCK TABLES `review_form_settings` WRITE;
/*!40000 ALTER TABLE `review_form_settings` DISABLE KEYS */;
/*!40000 ALTER TABLE `review_form_settings` ENABLE KEYS */;
UNLOCK TABLES;

--
-- Table structure for table `review_forms`
--

DROP TABLE IF EXISTS `review_forms`;
/*!40101 SET @saved_cs_client     = @@character_set_client */;
/*!40101 SET character_set_client = utf8 */;
CREATE TABLE `review_forms` (
  `review_form_id` bigint(20) NOT NULL AUTO_INCREMENT,
  `assoc_type` bigint(20) NOT NULL,
  `assoc_id` bigint(20) NOT NULL,
  `seq` double(8,2) DEFAULT NULL,
  `is_active` smallint(6) DEFAULT NULL,
  PRIMARY KEY (`review_form_id`)
) ENGINE=InnoDB DEFAULT CHARSET=utf8mb3 COLLATE=utf8mb3_general_ci;
/*!40101 SET character_set_client = @saved_cs_client */;

--
-- Dumping data for table `review_forms`
--

LOCK TABLES `review_forms` WRITE;
/*!40000 ALTER TABLE `review_forms` DISABLE KEYS */;
/*!40000 ALTER TABLE `review_forms` ENABLE KEYS */;
UNLOCK TABLES;

--
-- Table structure for table `review_round_files`
--

DROP TABLE IF EXISTS `review_round_files`;
/*!40101 SET @saved_cs_client     = @@character_set_client */;
/*!40101 SET character_set_client = utf8 */;
CREATE TABLE `review_round_files` (
  `submission_id` bigint(20) NOT NULL,
  `review_round_id` bigint(20) NOT NULL,
  `stage_id` smallint(6) NOT NULL,
  `submission_file_id` bigint(20) unsigned NOT NULL,
  UNIQUE KEY `review_round_files_pkey` (`submission_id`,`review_round_id`,`submission_file_id`),
  KEY `review_round_files_submission_id` (`submission_id`),
  KEY `review_round_files_submission_file_id_foreign` (`submission_file_id`),
  CONSTRAINT `review_round_files_submission_file_id_foreign` FOREIGN KEY (`submission_file_id`) REFERENCES `submission_files` (`submission_file_id`)
) ENGINE=InnoDB DEFAULT CHARSET=utf8mb3 COLLATE=utf8mb3_general_ci;
/*!40101 SET character_set_client = @saved_cs_client */;

--
-- Dumping data for table `review_round_files`
--

LOCK TABLES `review_round_files` WRITE;
/*!40000 ALTER TABLE `review_round_files` DISABLE KEYS */;
/*!40000 ALTER TABLE `review_round_files` ENABLE KEYS */;
UNLOCK TABLES;

--
-- Table structure for table `review_rounds`
--

DROP TABLE IF EXISTS `review_rounds`;
/*!40101 SET @saved_cs_client     = @@character_set_client */;
/*!40101 SET character_set_client = utf8 */;
CREATE TABLE `review_rounds` (
  `review_round_id` bigint(20) NOT NULL AUTO_INCREMENT,
  `submission_id` bigint(20) NOT NULL,
  `stage_id` bigint(20) DEFAULT NULL,
  `round` smallint(6) NOT NULL,
  `review_revision` bigint(20) DEFAULT NULL,
  `status` bigint(20) DEFAULT NULL,
  PRIMARY KEY (`review_round_id`),
  UNIQUE KEY `review_rounds_submission_id_stage_id_round_pkey` (`submission_id`,`stage_id`,`round`),
  KEY `review_rounds_submission_id` (`submission_id`)
) ENGINE=InnoDB DEFAULT CHARSET=utf8mb3 COLLATE=utf8mb3_general_ci;
/*!40101 SET character_set_client = @saved_cs_client */;

--
-- Dumping data for table `review_rounds`
--

LOCK TABLES `review_rounds` WRITE;
/*!40000 ALTER TABLE `review_rounds` DISABLE KEYS */;
/*!40000 ALTER TABLE `review_rounds` ENABLE KEYS */;
UNLOCK TABLES;

--
-- Table structure for table `scheduled_tasks`
--

DROP TABLE IF EXISTS `scheduled_tasks`;
/*!40101 SET @saved_cs_client     = @@character_set_client */;
/*!40101 SET character_set_client = utf8 */;
CREATE TABLE `scheduled_tasks` (
  `class_name` varchar(255) NOT NULL,
  `last_run` datetime DEFAULT NULL,
  UNIQUE KEY `scheduled_tasks_pkey` (`class_name`)
) ENGINE=InnoDB DEFAULT CHARSET=utf8mb3 COLLATE=utf8mb3_general_ci;
/*!40101 SET character_set_client = @saved_cs_client */;

--
-- Dumping data for table `scheduled_tasks`
--

LOCK TABLES `scheduled_tasks` WRITE;
/*!40000 ALTER TABLE `scheduled_tasks` DISABLE KEYS */;
/*!40000 ALTER TABLE `scheduled_tasks` ENABLE KEYS */;
UNLOCK TABLES;

--
-- Table structure for table `section_settings`
--

DROP TABLE IF EXISTS `section_settings`;
/*!40101 SET @saved_cs_client     = @@character_set_client */;
/*!40101 SET character_set_client = utf8 */;
CREATE TABLE `section_settings` (
  `section_id` bigint(20) NOT NULL,
  `locale` varchar(14) NOT NULL DEFAULT '',
  `setting_name` varchar(255) NOT NULL,
  `setting_value` text DEFAULT NULL,
  `setting_type` varchar(6) NOT NULL COMMENT '(bool|int|float|string|object)',
  UNIQUE KEY `section_settings_pkey` (`section_id`,`locale`,`setting_name`),
  KEY `section_settings_section_id` (`section_id`)
) ENGINE=InnoDB DEFAULT CHARSET=utf8mb3 COLLATE=utf8mb3_general_ci;
/*!40101 SET character_set_client = @saved_cs_client */;

--
-- Dumping data for table `section_settings`
--

LOCK TABLES `section_settings` WRITE;
/*!40000 ALTER TABLE `section_settings` DISABLE KEYS */;
/*!40000 ALTER TABLE `section_settings` ENABLE KEYS */;
UNLOCK TABLES;

--
-- Table structure for table `sections`
--

DROP TABLE IF EXISTS `sections`;
/*!40101 SET @saved_cs_client     = @@character_set_client */;
/*!40101 SET character_set_client = utf8 */;
CREATE TABLE `sections` (
  `section_id` bigint(20) NOT NULL AUTO_INCREMENT,
  `journal_id` bigint(20) NOT NULL,
  `review_form_id` bigint(20) DEFAULT NULL,
  `seq` double(8,2) NOT NULL DEFAULT 0.00,
  `editor_restricted` smallint(6) NOT NULL DEFAULT 0,
  `meta_indexed` smallint(6) NOT NULL DEFAULT 0,
  `meta_reviewed` smallint(6) NOT NULL DEFAULT 1,
  `abstracts_not_required` smallint(6) NOT NULL DEFAULT 0,
  `hide_title` smallint(6) NOT NULL DEFAULT 0,
  `hide_author` smallint(6) NOT NULL DEFAULT 0,
  `is_inactive` smallint(6) NOT NULL DEFAULT 0,
  `abstract_word_count` bigint(20) DEFAULT NULL,
  PRIMARY KEY (`section_id`),
  KEY `sections_journal_id` (`journal_id`)
) ENGINE=InnoDB DEFAULT CHARSET=utf8mb3 COLLATE=utf8mb3_general_ci;
/*!40101 SET character_set_client = @saved_cs_client */;

--
-- Dumping data for table `sections`
--

LOCK TABLES `sections` WRITE;
/*!40000 ALTER TABLE `sections` DISABLE KEYS */;
/*!40000 ALTER TABLE `sections` ENABLE KEYS */;
UNLOCK TABLES;

--
-- Table structure for table `sessions`
--

DROP TABLE IF EXISTS `sessions`;
/*!40101 SET @saved_cs_client     = @@character_set_client */;
/*!40101 SET character_set_client = utf8 */;
CREATE TABLE `sessions` (
  `session_id` varchar(128) NOT NULL,
  `user_id` bigint(20) DEFAULT NULL,
  `ip_address` varchar(39) NOT NULL,
  `user_agent` varchar(255) DEFAULT NULL,
  `created` bigint(20) NOT NULL DEFAULT 0,
  `last_used` bigint(20) NOT NULL DEFAULT 0,
  `remember` smallint(6) NOT NULL DEFAULT 0,
  `data` text NOT NULL,
  `domain` varchar(255) DEFAULT NULL,
  UNIQUE KEY `sessions_pkey` (`session_id`),
  KEY `sessions_user_id` (`user_id`)
) ENGINE=InnoDB DEFAULT CHARSET=utf8mb3 COLLATE=utf8mb3_general_ci;
/*!40101 SET character_set_client = @saved_cs_client */;

--
-- Dumping data for table `sessions`
--

LOCK TABLES `sessions` WRITE;
/*!40000 ALTER TABLE `sessions` DISABLE KEYS */;
/*!40000 ALTER TABLE `sessions` ENABLE KEYS */;
UNLOCK TABLES;

--
-- Table structure for table `site`
--

DROP TABLE IF EXISTS `site`;
/*!40101 SET @saved_cs_client     = @@character_set_client */;
/*!40101 SET character_set_client = utf8 */;
CREATE TABLE `site` (
  `redirect` bigint(20) NOT NULL DEFAULT 0 COMMENT 'If not 0, redirect to the specified journal/conference/... site.',
  `primary_locale` varchar(14) NOT NULL COMMENT 'Primary locale for the site.',
  `min_password_length` smallint(6) NOT NULL DEFAULT 6,
  `installed_locales` varchar(1024) NOT NULL DEFAULT 'en_US' COMMENT 'Locales for which support has been installed.',
  `supported_locales` varchar(1024) DEFAULT NULL COMMENT 'Locales supported by the site (for hosted journals/conferences/...).',
  `original_style_file_name` varchar(255) DEFAULT NULL
) ENGINE=InnoDB DEFAULT CHARSET=utf8mb3 COLLATE=utf8mb3_general_ci;
/*!40101 SET character_set_client = @saved_cs_client */;

--
-- Dumping data for table `site`
--

LOCK TABLES `site` WRITE;
/*!40000 ALTER TABLE `site` DISABLE KEYS */;
INSERT INTO `site` VALUES (0,'en_US',6,'[\"en_US\"]','[\"en_US\"]',NULL);
/*!40000 ALTER TABLE `site` ENABLE KEYS */;
UNLOCK TABLES;

--
-- Table structure for table `site_settings`
--

DROP TABLE IF EXISTS `site_settings`;
/*!40101 SET @saved_cs_client     = @@character_set_client */;
/*!40101 SET character_set_client = utf8 */;
CREATE TABLE `site_settings` (
  `setting_name` varchar(255) NOT NULL,
  `locale` varchar(14) NOT NULL DEFAULT '',
  `setting_value` text DEFAULT NULL,
  UNIQUE KEY `site_settings_pkey` (`setting_name`,`locale`)
) ENGINE=InnoDB DEFAULT CHARSET=utf8mb3 COLLATE=utf8mb3_general_ci;
/*!40101 SET character_set_client = @saved_cs_client */;

--
-- Dumping data for table `site_settings`
--

LOCK TABLES `site_settings` WRITE;
/*!40000 ALTER TABLE `site_settings` DISABLE KEYS */;
INSERT INTO `site_settings` VALUES ('contactEmail','en_US','admin@example.org'),('contactName','en_US','Open Journal Systems'),('themePluginPath','','default');
/*!40000 ALTER TABLE `site_settings` ENABLE KEYS */;
UNLOCK TABLES;

--
-- Table structure for table `stage_assignments`
--

DROP TABLE IF EXISTS `stage_assignments`;
/*!40101 SET @saved_cs_client     = @@character_set_client */;
/*!40101 SET character_set_client = utf8 */;
CREATE TABLE `stage_assignments` (
  `stage_assignment_id` bigint(20) NOT NULL AUTO_INCREMENT,
  `submission_id` bigint(20) NOT NULL,
  `user_group_id` bigint(20) NOT NULL,
  `user_id` bigint(20) NOT NULL,
  `date_assigned` datetime NOT NULL,
  `recommend_only` smallint(6) NOT NULL DEFAULT 0,
  `can_change_metadata` smallint(6) NOT NULL DEFAULT 0,
  PRIMARY KEY (`stage_assignment_id`),
  UNIQUE KEY `stage_assignment` (`submission_id`,`user_group_id`,`user_id`),
  KEY `stage_assignments_submission_id` (`submission_id`),
  KEY `stage_assignments_user_group_id` (`user_group_id`),
  KEY `stage_assignments_user_id` (`user_id`)
) ENGINE=InnoDB DEFAULT CHARSET=utf8mb3 COLLATE=utf8mb3_general_ci;
/*!40101 SET character_set_client = @saved_cs_client */;

--
-- Dumping data for table `stage_assignments`
--

LOCK TABLES `stage_assignments` WRITE;
/*!40000 ALTER TABLE `stage_assignments` DISABLE KEYS */;
/*!40000 ALTER TABLE `stage_assignments` ENABLE KEYS */;
UNLOCK TABLES;

--
-- Table structure for table `static_page_settings`
--

DROP TABLE IF EXISTS `static_page_settings`;
/*!40101 SET @saved_cs_client     = @@character_set_client */;
/*!40101 SET character_set_client = utf8 */;
CREATE TABLE `static_page_settings` (
  `static_page_id` bigint(20) NOT NULL,
  `locale` varchar(14) NOT NULL DEFAULT '',
  `setting_name` varchar(255) NOT NULL,
  `setting_value` longtext DEFAULT NULL,
  `setting_type` varchar(6) NOT NULL COMMENT '(bool|int|float|string|object)',
  UNIQUE KEY `static_page_settings_pkey` (`static_page_id`,`locale`,`setting_name`),
  KEY `static_page_settings_static_page_id` (`static_page_id`)
) ENGINE=InnoDB DEFAULT CHARSET=utf8mb3 COLLATE=utf8mb3_general_ci;
/*!40101 SET character_set_client = @saved_cs_client */;

--
-- Dumping data for table `static_page_settings`
--

LOCK TABLES `static_page_settings` WRITE;
/*!40000 ALTER TABLE `static_page_settings` DISABLE KEYS */;
/*!40000 ALTER TABLE `static_page_settings` ENABLE KEYS */;
UNLOCK TABLES;

--
-- Table structure for table `static_pages`
--

DROP TABLE IF EXISTS `static_pages`;
/*!40101 SET @saved_cs_client     = @@character_set_client */;
/*!40101 SET character_set_client = utf8 */;
CREATE TABLE `static_pages` (
  `static_page_id` bigint(20) NOT NULL AUTO_INCREMENT,
  `path` varchar(255) NOT NULL,
  `context_id` bigint(20) NOT NULL,
  PRIMARY KEY (`static_page_id`)
) ENGINE=InnoDB DEFAULT CHARSET=utf8mb3 COLLATE=utf8mb3_general_ci;
/*!40101 SET character_set_client = @saved_cs_client */;

--
-- Dumping data for table `static_pages`
--

LOCK TABLES `static_pages` WRITE;
/*!40000 ALTER TABLE `static_pages` DISABLE KEYS */;
/*!40000 ALTER TABLE `static_pages` ENABLE KEYS */;
UNLOCK TABLES;

--
-- Table structure for table `subeditor_submission_group`
--

DROP TABLE IF EXISTS `subeditor_submission_group`;
/*!40101 SET @saved_cs_client     = @@character_set_client */;
/*!40101 SET character_set_client = utf8 */;
CREATE TABLE `subeditor_submission_group` (
  `context_id` bigint(20) NOT NULL,
  `assoc_id` bigint(20) NOT NULL,
  `assoc_type` bigint(20) NOT NULL,
  `user_id` bigint(20) NOT NULL,
  UNIQUE KEY `section_editors_pkey` (`context_id`,`assoc_id`,`assoc_type`,`user_id`),
  KEY `section_editors_context_id` (`context_id`),
  KEY `subeditor_submission_group_assoc_id` (`assoc_id`,`assoc_type`),
  KEY `subeditor_submission_group_user_id` (`user_id`)
) ENGINE=InnoDB DEFAULT CHARSET=utf8mb3 COLLATE=utf8mb3_general_ci;
/*!40101 SET character_set_client = @saved_cs_client */;

--
-- Dumping data for table `subeditor_submission_group`
--

LOCK TABLES `subeditor_submission_group` WRITE;
/*!40000 ALTER TABLE `subeditor_submission_group` DISABLE KEYS */;
/*!40000 ALTER TABLE `subeditor_submission_group` ENABLE KEYS */;
UNLOCK TABLES;

--
-- Table structure for table `submission_comments`
--

DROP TABLE IF EXISTS `submission_comments`;
/*!40101 SET @saved_cs_client     = @@character_set_client */;
/*!40101 SET character_set_client = utf8 */;
CREATE TABLE `submission_comments` (
  `comment_id` bigint(20) NOT NULL AUTO_INCREMENT,
  `comment_type` bigint(20) DEFAULT NULL,
  `role_id` bigint(20) NOT NULL,
  `submission_id` bigint(20) NOT NULL,
  `assoc_id` bigint(20) NOT NULL,
  `author_id` bigint(20) NOT NULL,
  `comment_title` text NOT NULL,
  `comments` text DEFAULT NULL,
  `date_posted` datetime DEFAULT NULL,
  `date_modified` datetime DEFAULT NULL,
  `viewable` smallint(6) DEFAULT NULL,
  PRIMARY KEY (`comment_id`),
  KEY `submission_comments_submission_id` (`submission_id`)
) ENGINE=InnoDB DEFAULT CHARSET=utf8mb3 COLLATE=utf8mb3_general_ci;
/*!40101 SET character_set_client = @saved_cs_client */;

--
-- Dumping data for table `submission_comments`
--

LOCK TABLES `submission_comments` WRITE;
/*!40000 ALTER TABLE `submission_comments` DISABLE KEYS */;
/*!40000 ALTER TABLE `submission_comments` ENABLE KEYS */;
UNLOCK TABLES;

--
-- Table structure for table `submission_file_revisions`
--

DROP TABLE IF EXISTS `submission_file_revisions`;
/*!40101 SET @saved_cs_client     = @@character_set_client */;
/*!40101 SET character_set_client = utf8 */;
CREATE TABLE `submission_file_revisions` (
  `revision_id` bigint(20) unsigned NOT NULL AUTO_INCREMENT,
  `submission_file_id` bigint(20) unsigned NOT NULL,
  `file_id` bigint(20) unsigned NOT NULL,
  PRIMARY KEY (`revision_id`),
  KEY `submission_file_revisions_submission_file_id_foreign` (`submission_file_id`),
  KEY `submission_file_revisions_file_id_foreign` (`file_id`),
  CONSTRAINT `submission_file_revisions_file_id_foreign` FOREIGN KEY (`file_id`) REFERENCES `files` (`file_id`),
  CONSTRAINT `submission_file_revisions_submission_file_id_foreign` FOREIGN KEY (`submission_file_id`) REFERENCES `submission_files` (`submission_file_id`)
) ENGINE=InnoDB DEFAULT CHARSET=utf8mb3 COLLATE=utf8mb3_general_ci;
/*!40101 SET character_set_client = @saved_cs_client */;

--
-- Dumping data for table `submission_file_revisions`
--

LOCK TABLES `submission_file_revisions` WRITE;
/*!40000 ALTER TABLE `submission_file_revisions` DISABLE KEYS */;
/*!40000 ALTER TABLE `submission_file_revisions` ENABLE KEYS */;
UNLOCK TABLES;

--
-- Table structure for table `submission_file_settings`
--

DROP TABLE IF EXISTS `submission_file_settings`;
/*!40101 SET @saved_cs_client     = @@character_set_client */;
/*!40101 SET character_set_client = utf8 */;
CREATE TABLE `submission_file_settings` (
  `submission_file_id` bigint(20) NOT NULL,
  `locale` varchar(14) NOT NULL DEFAULT '',
  `setting_name` varchar(255) NOT NULL,
  `setting_value` text DEFAULT NULL,
  `setting_type` varchar(6) NOT NULL DEFAULT 'string' COMMENT '(bool|int|float|string|object|date)',
  UNIQUE KEY `submission_file_settings_pkey` (`submission_file_id`,`locale`,`setting_name`),
  KEY `submission_file_settings_id` (`submission_file_id`)
) ENGINE=InnoDB DEFAULT CHARSET=utf8mb3 COLLATE=utf8mb3_general_ci;
/*!40101 SET character_set_client = @saved_cs_client */;

--
-- Dumping data for table `submission_file_settings`
--

LOCK TABLES `submission_file_settings` WRITE;
/*!40000 ALTER TABLE `submission_file_settings` DISABLE KEYS */;
/*!40000 ALTER TABLE `submission_file_settings` ENABLE KEYS */;
UNLOCK TABLES;

--
-- Table structure for table `submission_files`
--

DROP TABLE IF EXISTS `submission_files`;
/*!40101 SET @saved_cs_client     = @@character_set_client */;
/*!40101 SET character_set_client = utf8 */;
CREATE TABLE `submission_files` (
  `submission_file_id` bigint(20) unsigned NOT NULL AUTO_INCREMENT,
  `submission_id` bigint(20) NOT NULL,
  `file_id` bigint(20) unsigned NOT NULL,
  `source_submission_file_id` bigint(20) DEFAULT NULL,
  `genre_id` bigint(20) DEFAULT NULL,
  `file_stage` bigint(20) NOT NULL,
  `direct_sales_price` varchar(255) DEFAULT NULL,
  `sales_type` varchar(255) DEFAULT NULL,
  `viewable` smallint(6) DEFAULT NULL,
  `created_at` datetime NOT NULL,
  `updated_at` datetime NOT NULL,
  `uploader_user_id` bigint(20) DEFAULT NULL,
  `assoc_type` bigint(20) DEFAULT NULL,
  `assoc_id` bigint(20) DEFAULT NULL,
  PRIMARY KEY (`submission_file_id`),
  KEY `submission_files_submission_id` (`submission_id`),
  KEY `submission_files_stage_assoc` (`file_stage`,`assoc_type`,`assoc_id`),
  KEY `submission_files_file_id_foreign` (`file_id`),
  CONSTRAINT `submission_files_file_id_foreign` FOREIGN KEY (`file_id`) REFERENCES `files` (`file_id`)
) ENGINE=InnoDB DEFAULT CHARSET=utf8mb3 COLLATE=utf8mb3_general_ci;
/*!40101 SET character_set_client = @saved_cs_client */;

--
-- Dumping data for table `submission_files`
--

LOCK TABLES `submission_files` WRITE;
/*!40000 ALTER TABLE `submission_files` DISABLE KEYS */;
/*!40000 ALTER TABLE `submission_files` ENABLE KEYS */;
UNLOCK TABLES;

--
-- Table structure for table `submission_search_keyword_list`
--

DROP TABLE IF EXISTS `submission_search_keyword_list`;
/*!40101 SET @saved_cs_client     = @@character_set_client */;
/*!40101 SET character_set_client = utf8 */;
CREATE TABLE `submission_search_keyword_list` (
  `keyword_id` bigint(20) NOT NULL AUTO_INCREMENT,
  `keyword_text` varchar(60) NOT NULL,
  PRIMARY KEY (`keyword_id`),
  UNIQUE KEY `submission_search_keyword_text` (`keyword_text`)
) ENGINE=InnoDB DEFAULT CHARSET=utf8mb3 COLLATE=utf8mb3_general_ci;
/*!40101 SET character_set_client = @saved_cs_client */;

--
-- Dumping data for table `submission_search_keyword_list`
--

LOCK TABLES `submission_search_keyword_list` WRITE;
/*!40000 ALTER TABLE `submission_search_keyword_list` DISABLE KEYS */;
/*!40000 ALTER TABLE `submission_search_keyword_list` ENABLE KEYS */;
UNLOCK TABLES;

--
-- Table structure for table `submission_search_object_keywords`
--

DROP TABLE IF EXISTS `submission_search_object_keywords`;
/*!40101 SET @saved_cs_client     = @@character_set_client */;
/*!40101 SET character_set_client = utf8 */;
CREATE TABLE `submission_search_object_keywords` (
  `object_id` bigint(20) NOT NULL,
  `keyword_id` bigint(20) NOT NULL,
  `pos` int(11) NOT NULL COMMENT 'Word position of the keyword in the object.',
  UNIQUE KEY `submission_search_object_keywords_pkey` (`object_id`,`pos`),
  KEY `submission_search_object_keywords_keyword_id` (`keyword_id`)
) ENGINE=InnoDB DEFAULT CHARSET=utf8mb3 COLLATE=utf8mb3_general_ci;
/*!40101 SET character_set_client = @saved_cs_client */;

--
-- Dumping data for table `submission_search_object_keywords`
--

LOCK TABLES `submission_search_object_keywords` WRITE;
/*!40000 ALTER TABLE `submission_search_object_keywords` DISABLE KEYS */;
/*!40000 ALTER TABLE `submission_search_object_keywords` ENABLE KEYS */;
UNLOCK TABLES;

--
-- Table structure for table `submission_search_objects`
--

DROP TABLE IF EXISTS `submission_search_objects`;
/*!40101 SET @saved_cs_client     = @@character_set_client */;
/*!40101 SET character_set_client = utf8 */;
CREATE TABLE `submission_search_objects` (
  `object_id` bigint(20) NOT NULL AUTO_INCREMENT,
  `submission_id` bigint(20) NOT NULL,
  `type` int(11) NOT NULL COMMENT 'Type of item. E.g., abstract, fulltext, etc.',
  `assoc_id` bigint(20) DEFAULT NULL COMMENT 'Optional ID of an associated record (e.g., a file_id)',
  PRIMARY KEY (`object_id`),
  KEY `submission_search_object_submission` (`submission_id`)
) ENGINE=InnoDB DEFAULT CHARSET=utf8mb3 COLLATE=utf8mb3_general_ci;
/*!40101 SET character_set_client = @saved_cs_client */;

--
-- Dumping data for table `submission_search_objects`
--

LOCK TABLES `submission_search_objects` WRITE;
/*!40000 ALTER TABLE `submission_search_objects` DISABLE KEYS */;
/*!40000 ALTER TABLE `submission_search_objects` ENABLE KEYS */;
UNLOCK TABLES;

--
-- Table structure for table `submission_settings`
--

DROP TABLE IF EXISTS `submission_settings`;
/*!40101 SET @saved_cs_client     = @@character_set_client */;
/*!40101 SET character_set_client = utf8 */;
CREATE TABLE `submission_settings` (
  `submission_id` bigint(20) NOT NULL,
  `locale` varchar(14) NOT NULL DEFAULT '',
  `setting_name` varchar(255) NOT NULL,
  `setting_value` mediumtext DEFAULT NULL,
  UNIQUE KEY `submission_settings_pkey` (`submission_id`,`locale`,`setting_name`),
  KEY `submission_settings_submission_id` (`submission_id`)
) ENGINE=InnoDB DEFAULT CHARSET=utf8mb3 COLLATE=utf8mb3_general_ci;
/*!40101 SET character_set_client = @saved_cs_client */;

--
-- Dumping data for table `submission_settings`
--

LOCK TABLES `submission_settings` WRITE;
/*!40000 ALTER TABLE `submission_settings` DISABLE KEYS */;
/*!40000 ALTER TABLE `submission_settings` ENABLE KEYS */;
UNLOCK TABLES;

--
-- Table structure for table `submission_tombstones`
--

DROP TABLE IF EXISTS `submission_tombstones`;
/*!40101 SET @saved_cs_client     = @@character_set_client */;
/*!40101 SET character_set_client = utf8 */;
CREATE TABLE `submission_tombstones` (
  `tombstone_id` bigint(20) NOT NULL AUTO_INCREMENT,
  `submission_id` bigint(20) NOT NULL,
  `date_deleted` datetime NOT NULL,
  `journal_id` bigint(20) NOT NULL,
  `section_id` bigint(20) NOT NULL,
  `set_spec` varchar(255) NOT NULL,
  `set_name` varchar(255) NOT NULL,
  `oai_identifier` varchar(255) NOT NULL,
  PRIMARY KEY (`tombstone_id`),
  KEY `submission_tombstones_journal_id` (`journal_id`),
  KEY `submission_tombstones_submission_id` (`submission_id`)
) ENGINE=InnoDB DEFAULT CHARSET=utf8mb3 COLLATE=utf8mb3_general_ci;
/*!40101 SET character_set_client = @saved_cs_client */;

--
-- Dumping data for table `submission_tombstones`
--

LOCK TABLES `submission_tombstones` WRITE;
/*!40000 ALTER TABLE `submission_tombstones` DISABLE KEYS */;
/*!40000 ALTER TABLE `submission_tombstones` ENABLE KEYS */;
UNLOCK TABLES;

--
-- Table structure for table `submissions`
--

DROP TABLE IF EXISTS `submissions`;
/*!40101 SET @saved_cs_client     = @@character_set_client */;
/*!40101 SET character_set_client = utf8 */;
CREATE TABLE `submissions` (
  `submission_id` bigint(20) NOT NULL AUTO_INCREMENT,
  `context_id` bigint(20) NOT NULL,
  `current_publication_id` bigint(20) DEFAULT NULL,
  `date_last_activity` datetime DEFAULT NULL,
  `date_submitted` datetime DEFAULT NULL,
  `last_modified` datetime DEFAULT NULL,
  `stage_id` bigint(20) NOT NULL DEFAULT 1,
  `locale` varchar(14) DEFAULT NULL,
  `status` smallint(6) NOT NULL DEFAULT 1,
  `submission_progress` smallint(6) NOT NULL DEFAULT 1,
  `work_type` smallint(6) DEFAULT 0,
  PRIMARY KEY (`submission_id`),
  KEY `submissions_context_id` (`context_id`),
  KEY `submissions_publication_id` (`current_publication_id`)
) ENGINE=InnoDB DEFAULT CHARSET=utf8mb3 COLLATE=utf8mb3_general_ci;
/*!40101 SET character_set_client = @saved_cs_client */;

--
-- Dumping data for table `submissions`
--

LOCK TABLES `submissions` WRITE;
/*!40000 ALTER TABLE `submissions` DISABLE KEYS */;
/*!40000 ALTER TABLE `submissions` ENABLE KEYS */;
UNLOCK TABLES;

--
-- Table structure for table `subscription_type_settings`
--

DROP TABLE IF EXISTS `subscription_type_settings`;
/*!40101 SET @saved_cs_client     = @@character_set_client */;
/*!40101 SET character_set_client = utf8 */;
CREATE TABLE `subscription_type_settings` (
  `type_id` bigint(20) NOT NULL,
  `locale` varchar(14) NOT NULL DEFAULT '',
  `setting_name` varchar(255) NOT NULL,
  `setting_value` text DEFAULT NULL,
  `setting_type` varchar(6) NOT NULL,
  UNIQUE KEY `subscription_type_settings_pkey` (`type_id`,`locale`,`setting_name`),
  KEY `subscription_type_settings_type_id` (`type_id`)
) ENGINE=InnoDB DEFAULT CHARSET=utf8mb3 COLLATE=utf8mb3_general_ci;
/*!40101 SET character_set_client = @saved_cs_client */;

--
-- Dumping data for table `subscription_type_settings`
--

LOCK TABLES `subscription_type_settings` WRITE;
/*!40000 ALTER TABLE `subscription_type_settings` DISABLE KEYS */;
/*!40000 ALTER TABLE `subscription_type_settings` ENABLE KEYS */;
UNLOCK TABLES;

--
-- Table structure for table `subscription_types`
--

DROP TABLE IF EXISTS `subscription_types`;
/*!40101 SET @saved_cs_client     = @@character_set_client */;
/*!40101 SET character_set_client = utf8 */;
CREATE TABLE `subscription_types` (
  `type_id` bigint(20) NOT NULL AUTO_INCREMENT,
  `journal_id` bigint(20) NOT NULL,
  `cost` double(8,2) NOT NULL,
  `currency_code_alpha` varchar(3) NOT NULL,
  `duration` smallint(6) DEFAULT NULL,
  `format` smallint(6) NOT NULL,
  `institutional` smallint(6) NOT NULL DEFAULT 0,
  `membership` smallint(6) NOT NULL DEFAULT 0,
  `disable_public_display` smallint(6) NOT NULL,
  `seq` double(8,2) NOT NULL,
  PRIMARY KEY (`type_id`)
) ENGINE=InnoDB DEFAULT CHARSET=utf8mb3 COLLATE=utf8mb3_general_ci;
/*!40101 SET character_set_client = @saved_cs_client */;

--
-- Dumping data for table `subscription_types`
--

LOCK TABLES `subscription_types` WRITE;
/*!40000 ALTER TABLE `subscription_types` DISABLE KEYS */;
/*!40000 ALTER TABLE `subscription_types` ENABLE KEYS */;
UNLOCK TABLES;

--
-- Table structure for table `subscriptions`
--

DROP TABLE IF EXISTS `subscriptions`;
/*!40101 SET @saved_cs_client     = @@character_set_client */;
/*!40101 SET character_set_client = utf8 */;
CREATE TABLE `subscriptions` (
  `subscription_id` bigint(20) NOT NULL AUTO_INCREMENT,
  `journal_id` bigint(20) NOT NULL,
  `user_id` bigint(20) NOT NULL,
  `type_id` bigint(20) NOT NULL,
  `date_start` date DEFAULT NULL,
  `date_end` datetime DEFAULT NULL,
  `status` smallint(6) NOT NULL DEFAULT 1,
  `membership` varchar(40) DEFAULT NULL,
  `reference_number` varchar(40) DEFAULT NULL,
  `notes` text DEFAULT NULL,
  PRIMARY KEY (`subscription_id`)
) ENGINE=InnoDB DEFAULT CHARSET=utf8mb3 COLLATE=utf8mb3_general_ci;
/*!40101 SET character_set_client = @saved_cs_client */;

--
-- Dumping data for table `subscriptions`
--

LOCK TABLES `subscriptions` WRITE;
/*!40000 ALTER TABLE `subscriptions` DISABLE KEYS */;
/*!40000 ALTER TABLE `subscriptions` ENABLE KEYS */;
UNLOCK TABLES;

--
-- Table structure for table `temporary_files`
--

DROP TABLE IF EXISTS `temporary_files`;
/*!40101 SET @saved_cs_client     = @@character_set_client */;
/*!40101 SET character_set_client = utf8 */;
CREATE TABLE `temporary_files` (
  `file_id` bigint(20) NOT NULL AUTO_INCREMENT,
  `user_id` bigint(20) NOT NULL,
  `file_name` varchar(90) NOT NULL,
  `file_type` varchar(255) DEFAULT NULL,
  `file_size` bigint(20) NOT NULL,
  `original_file_name` varchar(127) DEFAULT NULL,
  `date_uploaded` datetime NOT NULL,
  PRIMARY KEY (`file_id`),
  KEY `temporary_files_user_id` (`user_id`)
) ENGINE=InnoDB DEFAULT CHARSET=utf8mb3 COLLATE=utf8mb3_general_ci;
/*!40101 SET character_set_client = @saved_cs_client */;

--
-- Dumping data for table `temporary_files`
--

LOCK TABLES `temporary_files` WRITE;
/*!40000 ALTER TABLE `temporary_files` DISABLE KEYS */;
/*!40000 ALTER TABLE `temporary_files` ENABLE KEYS */;
UNLOCK TABLES;

--
-- Table structure for table `usage_stats_temporary_records`
--

DROP TABLE IF EXISTS `usage_stats_temporary_records`;
/*!40101 SET @saved_cs_client     = @@character_set_client */;
/*!40101 SET character_set_client = utf8 */;
CREATE TABLE `usage_stats_temporary_records` (
  `assoc_id` bigint(20) NOT NULL,
  `assoc_type` bigint(20) NOT NULL,
  `day` bigint(20) NOT NULL,
  `entry_time` bigint(20) NOT NULL,
  `metric` bigint(20) NOT NULL DEFAULT 1,
  `country_id` varchar(2) DEFAULT NULL,
  `region` varchar(2) DEFAULT NULL,
  `city` varchar(255) DEFAULT NULL,
  `load_id` varchar(255) NOT NULL,
  `file_type` smallint(6) DEFAULT NULL
) ENGINE=InnoDB DEFAULT CHARSET=utf8mb3 COLLATE=utf8mb3_general_ci;
/*!40101 SET character_set_client = @saved_cs_client */;

--
-- Dumping data for table `usage_stats_temporary_records`
--

LOCK TABLES `usage_stats_temporary_records` WRITE;
/*!40000 ALTER TABLE `usage_stats_temporary_records` DISABLE KEYS */;
/*!40000 ALTER TABLE `usage_stats_temporary_records` ENABLE KEYS */;
UNLOCK TABLES;

--
-- Table structure for table `user_group_settings`
--

DROP TABLE IF EXISTS `user_group_settings`;
/*!40101 SET @saved_cs_client     = @@character_set_client */;
/*!40101 SET character_set_client = utf8 */;
CREATE TABLE `user_group_settings` (
  `user_group_id` bigint(20) NOT NULL,
  `locale` varchar(14) NOT NULL DEFAULT '',
  `setting_name` varchar(255) NOT NULL,
  `setting_value` text DEFAULT NULL,
  `setting_type` varchar(6) NOT NULL COMMENT '(bool|int|float|string|object)',
  UNIQUE KEY `user_group_settings_pkey` (`user_group_id`,`locale`,`setting_name`)
) ENGINE=InnoDB DEFAULT CHARSET=utf8mb3 COLLATE=utf8mb3_general_ci;
/*!40101 SET character_set_client = @saved_cs_client */;

--
-- Dumping data for table `user_group_settings`
--

LOCK TABLES `user_group_settings` WRITE;
/*!40000 ALTER TABLE `user_group_settings` DISABLE KEYS */;
INSERT INTO `user_group_settings` VALUES (1,'en_US','name','Site Admin','string');
/*!40000 ALTER TABLE `user_group_settings` ENABLE KEYS */;
UNLOCK TABLES;

--
-- Table structure for table `user_group_stage`
--

DROP TABLE IF EXISTS `user_group_stage`;
/*!40101 SET @saved_cs_client     = @@character_set_client */;
/*!40101 SET character_set_client = utf8 */;
CREATE TABLE `user_group_stage` (
  `context_id` bigint(20) NOT NULL,
  `user_group_id` bigint(20) NOT NULL,
  `stage_id` bigint(20) NOT NULL,
  UNIQUE KEY `user_group_stage_pkey` (`context_id`,`user_group_id`,`stage_id`),
  KEY `user_group_stage_context_id` (`context_id`),
  KEY `user_group_stage_user_group_id` (`user_group_id`),
  KEY `user_group_stage_stage_id` (`stage_id`)
) ENGINE=InnoDB DEFAULT CHARSET=utf8mb3 COLLATE=utf8mb3_general_ci;
/*!40101 SET character_set_client = @saved_cs_client */;

--
-- Dumping data for table `user_group_stage`
--

LOCK TABLES `user_group_stage` WRITE;
/*!40000 ALTER TABLE `user_group_stage` DISABLE KEYS */;
/*!40000 ALTER TABLE `user_group_stage` ENABLE KEYS */;
UNLOCK TABLES;

--
-- Table structure for table `user_groups`
--

DROP TABLE IF EXISTS `user_groups`;
/*!40101 SET @saved_cs_client     = @@character_set_client */;
/*!40101 SET character_set_client = utf8 */;
CREATE TABLE `user_groups` (
  `user_group_id` bigint(20) NOT NULL AUTO_INCREMENT,
  `context_id` bigint(20) NOT NULL,
  `role_id` bigint(20) NOT NULL,
  `is_default` smallint(6) NOT NULL DEFAULT 0,
  `show_title` smallint(6) NOT NULL DEFAULT 1,
  `permit_self_registration` smallint(6) NOT NULL DEFAULT 0,
  `permit_metadata_edit` smallint(6) NOT NULL DEFAULT 0,
  PRIMARY KEY (`user_group_id`),
  KEY `user_groups_user_group_id` (`user_group_id`),
  KEY `user_groups_context_id` (`context_id`),
  KEY `user_groups_role_id` (`role_id`)
) ENGINE=InnoDB AUTO_INCREMENT=2 DEFAULT CHARSET=utf8mb3 COLLATE=utf8mb3_general_ci;
/*!40101 SET character_set_client = @saved_cs_client */;

--
-- Dumping data for table `user_groups`
--

LOCK TABLES `user_groups` WRITE;
/*!40000 ALTER TABLE `user_groups` DISABLE KEYS */;
INSERT INTO `user_groups` VALUES (1,0,1,1,0,0,0);
/*!40000 ALTER TABLE `user_groups` ENABLE KEYS */;
UNLOCK TABLES;

--
-- Table structure for table `user_interests`
--

DROP TABLE IF EXISTS `user_interests`;
/*!40101 SET @saved_cs_client     = @@character_set_client */;
/*!40101 SET character_set_client = utf8 */;
CREATE TABLE `user_interests` (
  `user_id` bigint(20) NOT NULL,
  `controlled_vocab_entry_id` bigint(20) NOT NULL,
  UNIQUE KEY `u_e_pkey` (`user_id`,`controlled_vocab_entry_id`)
) ENGINE=InnoDB DEFAULT CHARSET=utf8mb3 COLLATE=utf8mb3_general_ci;
/*!40101 SET character_set_client = @saved_cs_client */;

--
-- Dumping data for table `user_interests`
--

LOCK TABLES `user_interests` WRITE;
/*!40000 ALTER TABLE `user_interests` DISABLE KEYS */;
/*!40000 ALTER TABLE `user_interests` ENABLE KEYS */;
UNLOCK TABLES;

--
-- Table structure for table `user_settings`
--

DROP TABLE IF EXISTS `user_settings`;
/*!40101 SET @saved_cs_client     = @@character_set_client */;
/*!40101 SET character_set_client = utf8 */;
CREATE TABLE `user_settings` (
  `user_id` bigint(20) NOT NULL,
  `locale` varchar(14) NOT NULL DEFAULT '',
  `setting_name` varchar(255) NOT NULL,
  `assoc_type` bigint(20) NOT NULL DEFAULT 0,
  `assoc_id` bigint(20) NOT NULL DEFAULT 0,
  `setting_value` text DEFAULT NULL,
  `setting_type` varchar(6) NOT NULL,
  UNIQUE KEY `user_settings_pkey` (`user_id`,`locale`,`setting_name`,`assoc_type`,`assoc_id`),
  KEY `user_settings_user_id` (`user_id`),
  KEY `user_settings_locale_setting_name_index` (`setting_name`,`locale`)
) ENGINE=InnoDB DEFAULT CHARSET=utf8mb3 COLLATE=utf8mb3_general_ci;
/*!40101 SET character_set_client = @saved_cs_client */;

--
-- Dumping data for table `user_settings`
--

LOCK TABLES `user_settings` WRITE;
/*!40000 ALTER TABLE `user_settings` DISABLE KEYS */;
INSERT INTO `user_settings` VALUES (1,'en_US','familyName',0,0,'admin','string'),(1,'en_US','givenName',0,0,'admin','string');
/*!40000 ALTER TABLE `user_settings` ENABLE KEYS */;
UNLOCK TABLES;

--
-- Table structure for table `user_user_groups`
--

DROP TABLE IF EXISTS `user_user_groups`;
/*!40101 SET @saved_cs_client     = @@character_set_client */;
/*!40101 SET character_set_client = utf8 */;
CREATE TABLE `user_user_groups` (
  `user_group_id` bigint(20) NOT NULL,
  `user_id` bigint(20) NOT NULL,
  UNIQUE KEY `user_user_groups_pkey` (`user_group_id`,`user_id`),
  KEY `user_user_groups_user_group_id` (`user_group_id`),
  KEY `user_user_groups_user_id` (`user_id`)
) ENGINE=InnoDB DEFAULT CHARSET=utf8mb3 COLLATE=utf8mb3_general_ci;
/*!40101 SET character_set_client = @saved_cs_client */;

--
-- Dumping data for table `user_user_groups`
--

LOCK TABLES `user_user_groups` WRITE;
/*!40000 ALTER TABLE `user_user_groups` DISABLE KEYS */;
INSERT INTO `user_user_groups` VALUES (1,1);
/*!40000 ALTER TABLE `user_user_groups` ENABLE KEYS */;
UNLOCK TABLES;

--
-- Table structure for table `users`
--

DROP TABLE IF EXISTS `users`;
/*!40101 SET @saved_cs_client     = @@character_set_client */;
/*!40101 SET character_set_client = utf8 */;
CREATE TABLE `users` (
  `user_id` bigint(20) NOT NULL AUTO_INCREMENT,
  `username` varchar(32) NOT NULL,
  `password` varchar(255) NOT NULL,
  `email` varchar(255) NOT NULL,
  `url` varchar(2047) DEFAULT NULL,
  `phone` varchar(32) DEFAULT NULL,
  `mailing_address` varchar(255) DEFAULT NULL,
  `billing_address` varchar(255) DEFAULT NULL,
  `country` varchar(90) DEFAULT NULL,
  `locales` varchar(255) DEFAULT NULL,
  `gossip` text DEFAULT NULL,
  `date_last_email` datetime DEFAULT NULL,
  `date_registered` datetime NOT NULL,
  `date_validated` datetime DEFAULT NULL,
  `date_last_login` datetime NOT NULL,
  `must_change_password` smallint(6) DEFAULT NULL,
  `auth_id` bigint(20) DEFAULT NULL,
  `auth_str` varchar(255) DEFAULT NULL,
  `disabled` smallint(6) NOT NULL DEFAULT 0,
  `disabled_reason` text DEFAULT NULL,
  `inline_help` smallint(6) DEFAULT NULL,
  PRIMARY KEY (`user_id`),
  UNIQUE KEY `users_username` (`username`),
  UNIQUE KEY `users_email` (`email`)
) ENGINE=InnoDB AUTO_INCREMENT=2 DEFAULT CHARSET=utf8mb3 COLLATE=utf8mb3_general_ci;
/*!40101 SET character_set_client = @saved_cs_client */;

--
-- Dumping data for table `users`
--

LOCK TABLES `users` WRITE;
/*!40000 ALTER TABLE `users` DISABLE KEYS */;
INSERT INTO `users` VALUES (1,'admin','$2y$10$y.8rrEt7sdXbs6LtljuokObjABXOTieP.1SPRTejmPDcrvm5Id66W','admin@example.org',NULL,NULL,NULL,NULL,NULL,'',NULL,NULL,'2025-06-30 22:02:14',NULL,'2025-06-30 22:02:14',0,NULL,NULL,0,NULL,1);
/*!40000 ALTER TABLE `users` ENABLE KEYS */;
UNLOCK TABLES;

--
-- Table structure for table `versions`
--

DROP TABLE IF EXISTS `versions`;
/*!40101 SET @saved_cs_client     = @@character_set_client */;
/*!40101 SET character_set_client = utf8 */;
CREATE TABLE `versions` (
  `major` int(11) NOT NULL DEFAULT 0 COMMENT 'Major component of version number, e.g. the 2 in OJS 2.3.8-0',
  `minor` int(11) NOT NULL DEFAULT 0 COMMENT 'Minor component of version number, e.g. the 3 in OJS 2.3.8-0',
  `revision` int(11) NOT NULL DEFAULT 0 COMMENT 'Revision component of version number, e.g. the 8 in OJS 2.3.8-0',
  `build` int(11) NOT NULL DEFAULT 0 COMMENT 'Build component of version number, e.g. the 0 in OJS 2.3.8-0',
  `date_installed` datetime NOT NULL,
  `current` smallint(6) NOT NULL DEFAULT 0 COMMENT '1 iff the version entry being described is currently active. This permits the table to store past installation history for forensic purposes.',
  `product_type` varchar(30) DEFAULT NULL COMMENT 'Describes the type of product this row describes, e.g. "plugins.generic" (for a generic plugin) or "core" for the application itelf',
  `product` varchar(30) DEFAULT NULL COMMENT 'Uniquely identifies the product this version row describes, e.g. "ojs2" for OJS 2.x, "languageToggle" for the language toggle block plugin, etc.',
  `product_class_name` varchar(80) DEFAULT NULL COMMENT 'Specifies the class name associated with this product, for plugins, or the empty string where not applicable.',
  `lazy_load` smallint(6) NOT NULL DEFAULT 0 COMMENT '1 iff the row describes a lazy-load plugin; 0 otherwise',
  `sitewide` smallint(6) NOT NULL DEFAULT 0 COMMENT '1 iff the row describes a site-wide plugin; 0 otherwise',
  UNIQUE KEY `versions_pkey` (`product_type`,`product`,`major`,`minor`,`revision`,`build`)
) ENGINE=InnoDB DEFAULT CHARSET=utf8mb3 COLLATE=utf8mb3_general_ci;
/*!40101 SET character_set_client = @saved_cs_client */;

--
-- Dumping data for table `versions`
--

LOCK TABLES `versions` WRITE;
/*!40000 ALTER TABLE `versions` DISABLE KEYS */;
INSERT INTO `versions` VALUES (1,0,0,0,'2025-06-30 22:02:15',1,'plugins.metadata','dc11','',0,0),(1,0,0,0,'2025-06-30 22:02:15',1,'plugins.blocks','information','InformationBlockPlugin',1,0),(1,1,0,0,'2025-06-30 22:02:15',1,'plugins.blocks','subscription','SubscriptionBlockPlugin',1,0),(1,0,0,0,'2025-06-30 22:02:15',1,'plugins.blocks','developedBy','DevelopedByBlockPlugin',1,0),(1,0,1,0,'2025-06-30 22:02:15',1,'plugins.blocks','browse','BrowseBlockPlugin',1,0),(1,0,0,0,'2025-06-30 22:02:15',1,'plugins.blocks','languageToggle','LanguageToggleBlockPlugin',1,0),(1,0,0,0,'2025-06-30 22:02:15',1,'plugins.blocks','makeSubmission','MakeSubmissionBlockPlugin',1,0),(1,0,0,0,'2025-06-30 22:02:15',1,'plugins.gateways','resolver','',0,0),(1,0,1,0,'2025-06-30 22:02:15',1,'plugins.generic','pdfJsViewer','PdfJsViewerPlugin',1,0),(1,2,0,0,'2025-06-30 22:02:15',1,'plugins.generic','customBlockManager','CustomBlockManagerPlugin',1,0),(1,0,0,0,'2025-06-30 22:02:15',1,'plugins.generic','usageEvent','',0,0),(1,0,0,0,'2025-06-30 22:02:15',1,'plugins.generic','dublinCoreMeta','DublinCoreMetaPlugin',1,0),(0,1,0,0,'2025-06-30 22:02:15',1,'plugins.generic','citationStyleLanguage','CitationStyleLanguagePlugin',1,0),(1,0,0,0,'2025-06-30 22:02:15',1,'plugins.generic','recommendByAuthor','RecommendByAuthorPlugin',1,1),(1,0,0,0,'2025-06-30 22:02:15',1,'plugins.generic','usageStats','UsageStatsPlugin',0,1),(1,0,0,0,'2025-06-30 22:02:15',1,'plugins.generic','googleAnalytics','GoogleAnalyticsPlugin',1,0),(1,0,0,0,'2025-06-30 22:02:15',1,'plugins.generic','htmlArticleGalley','HtmlArticleGalleyPlugin',1,0),(1,0,0,0,'2025-06-30 22:02:15',1,'plugins.generic','driver','DRIVERPlugin',1,0),(1,0,0,0,'2025-06-30 22:02:15',1,'plugins.generic','tinymce','TinyMCEPlugin',1,0),(1,0,0,0,'2025-06-30 22:02:15',1,'plugins.generic','recommendBySimilarity','RecommendBySimilarityPlugin',1,1),(1,1,0,0,'2025-06-30 22:02:15',1,'plugins.generic','googleScholar','GoogleScholarPlugin',1,0),(1,0,0,0,'2025-06-30 22:02:15',1,'plugins.generic','webFeed','WebFeedPlugin',1,0),(1,0,1,0,'2025-06-30 22:02:15',1,'plugins.generic','lensGalley','LensGalleyPlugin',1,0),(1,2,0,0,'2025-06-30 22:02:15',1,'plugins.generic','staticPages','StaticPagesPlugin',1,0),(1,2,0,0,'2025-06-30 22:02:15',1,'plugins.generic','acron','AcronPlugin',1,1),(1,0,0,0,'2025-06-30 22:02:15',1,'plugins.generic','announcementFeed','AnnouncementFeedPlugin',1,0),(1,1,3,14,'2025-06-30 22:02:15',1,'plugins.generic','orcidProfile','OrcidProfilePlugin',1,0),(1,1,0,0,'2025-06-30 22:02:15',1,'plugins.importexport','doaj','',0,0),(2,1,0,0,'2025-06-30 22:02:15',1,'plugins.importexport','crossref','',0,0),(1,0,0,0,'2025-06-30 22:02:15',1,'plugins.importexport','users','',0,0),(1,0,0,0,'2025-06-30 22:02:15',1,'plugins.importexport','pubmed','',0,0),(1,0,0,0,'2025-06-30 22:02:15',1,'plugins.importexport','native','',0,0),(2,0,0,0,'2025-06-30 22:02:15',1,'plugins.importexport','datacite','',0,0),(1,0,0,0,'2025-06-30 22:02:15',1,'plugins.oaiMetadataFormats','marc','',0,0),(1,0,0,0,'2025-06-30 22:02:15',1,'plugins.oaiMetadataFormats','marcxml','',0,0),(1,0,0,0,'2025-06-30 22:02:15',1,'plugins.oaiMetadataFormats','rfc1807','',0,0),(1,0,0,0,'2025-06-30 22:02:15',1,'plugins.oaiMetadataFormats','dc','',0,0),(1,0,0,0,'2025-06-30 22:02:15',1,'plugins.paymethod','paypal','',0,0),(1,0,0,0,'2025-06-30 22:02:15',1,'plugins.paymethod','manual','',0,0),(1,0,0,0,'2025-06-30 22:02:15',1,'plugins.pubIds','doi','DOIPubIdPlugin',1,0),(1,0,0,0,'2025-06-30 22:02:15',1,'plugins.pubIds','urn','URNPubIdPlugin',1,0),(1,0,0,0,'2025-06-30 22:02:15',1,'plugins.reports','views','',0,0),(2,0,0,0,'2025-06-30 22:02:15',1,'plugins.reports','reviewReport','',0,0),(1,0,0,0,'2025-06-30 22:02:15',1,'plugins.reports','articles','',0,0),(1,1,0,0,'2025-06-30 22:02:15',1,'plugins.reports','counterReport','',0,0),(1,0,0,0,'2025-06-30 22:02:15',1,'plugins.reports','subscriptions','',0,0),(1,0,0,0,'2025-06-30 22:02:15',1,'plugins.themes','default','DefaultThemePlugin',1,0),(3,3,0,21,'2025-06-30 22:02:08',1,'core','ojs2','',0,1);
/*!40000 ALTER TABLE `versions` ENABLE KEYS */;
UNLOCK TABLES;
/*!40103 SET TIME_ZONE=@OLD_TIME_ZONE */;

/*!40101 SET SQL_MODE=@OLD_SQL_MODE */;
/*!40014 SET FOREIGN_KEY_CHECKS=@OLD_FOREIGN_KEY_CHECKS */;
/*!40014 SET UNIQUE_CHECKS=@OLD_UNIQUE_CHECKS */;
/*!40101 SET CHARACTER_SET_CLIENT=@OLD_CHARACTER_SET_CLIENT */;
/*!40101 SET CHARACTER_SET_RESULTS=@OLD_CHARACTER_SET_RESULTS */;
/*!40101 SET COLLATION_CONNECTION=@OLD_COLLATION_CONNECTION */;
/*!40111 SET SQL_NOTES=@OLD_SQL_NOTES */;

-- Dump completed on 2025-06-30 15:08:38
